{"cameraMode":{"drawMode":0,"name":"Shaded","section":"Shading Mode"},"sceneLighting":true,"audioPlay":false,"sceneViewState":{"showFog":true,"showMaterialUpdate":false,"showSkybox":true,"showFlares":true,"showImageEffects":true,"showParticleSystems":true},"in2DMode":false,"pivot":{"x":4.181020736694336,"y":5.803332805633545,"z":2.545973300933838},"rotation":{"x":0.14632602035999299,"y":-0.8523670434951782,"z":0.3284573256969452,"w":0.37973323464393618},"size":2.8578836917877199,"orthographic":false}