{"cameraMode":{"drawMode":0,"name":"Shaded","section":"Shading Mode"},"sceneLighting":true,"audioPlay":false,"sceneViewState":{"showFog":true,"showMaterialUpdate":false,"showSkybox":true,"showFlares":true,"showImageEffects":true,"showParticleSystems":true},"in2DMode":false,"pivot":{"x":3.381859064102173,"y":5.747368812561035,"z":-0.8297768235206604},"rotation":{"x":0.2579280734062195,"y":-0.5813881158828735,"z":0.20129171013832093,"w":0.7449657320976257},"size":2.8578836917877199,"orthographic":false}