{"cameraMode":{"drawMode":0,"name":"Shaded","section":"Shading Mode"},"sceneLighting":true,"audioPlay":false,"sceneViewState":{"showFog":true,"showMaterialUpdate":false,"showSkybox":true,"showFlares":true,"showImageEffects":true,"showParticleSystems":true},"in2DMode":false,"pivot":{"x":6.80057430267334,"y":6.215790271759033,"z":4.839817523956299},"rotation":{"x":-0.08536619693040848,"y":0.8613616228103638,"z":-0.15434885025024415,"w":-0.47639548778533938},"size":2.8578836917877199,"orthographic":false}