{"cameraMode":{"drawMode":0,"name":"Shaded","section":"Shading Mode"},"sceneLighting":true,"audioPlay":false,"sceneViewState":{"showFog":true,"showMaterialUpdate":false,"showSkybox":true,"showFlares":true,"showImageEffects":true,"showParticleSystems":true},"in2DMode":false,"pivot":{"x":2.173107147216797,"y":-5.63603401184082,"z":1.792860984802246},"rotation":{"x":0.01989201456308365,"y":0.9393445253372192,"z":-0.33790311217308047,"w":0.0552983358502388},"size":7.067793369293213,"orthographic":false}