{"cameraMode":{"drawMode":0,"name":"Shaded","section":"Shading Mode"},"sceneLighting":false,"audioPlay":false,"sceneViewState":{"showFog":true,"showMaterialUpdate":false,"showSkybox":false,"showFlares":true,"showImageEffects":true,"showParticleSystems":true},"in2DMode":false,"pivot":{"x":-268.3452453613281,"y":-303.5257568359375,"z":-272.05865478515627},"rotation":{"x":0.05025269091129303,"y":0.739751398563385,"z":-0.055580802261829379,"w":0.6687066555023193},"size":22.0,"orthographic":false}