{"cameraMode":{"drawMode":0,"name":"Shaded","section":"Shading Mode"},"sceneLighting":false,"audioPlay":false,"sceneViewState":{"showFog":true,"showMaterialUpdate":true,"showSkybox":false,"showFlares":true,"showImageEffects":true,"showParticleSystems":true},"in2DMode":false,"pivot":{"x":8.255289077758789,"y":-4.140666961669922,"z":19.257640838623048},"rotation":{"x":0.12852534651756288,"y":0.2136363387107849,"z":-0.02836485765874386,"w":0.968015193939209},"size":37.70042037963867,"orthographic":false}