{"cameraMode":{"drawMode":0,"name":"Shaded","section":"Shading Mode"},"sceneLighting":true,"audioPlay":false,"sceneViewState":{"showFog":true,"showMaterialUpdate":false,"showSkybox":true,"showFlares":true,"showImageEffects":true,"showParticleSystems":true},"in2DMode":false,"pivot":{"x":-0.37731683254241946,"y":-0.1843661069869995,"z":0.4698892831802368},"rotation":{"x":0.32464703917503359,"y":0.34712061285972597,"z":-0.12951768934726716,"w":0.8703052401542664},"size":2.765087842941284,"orthographic":false}