{"cameraMode":{"drawMode":0,"name":"Shaded","section":"Shading Mode"},"sceneLighting":false,"audioPlay":false,"sceneViewState":{"showFog":true,"showMaterialUpdate":true,"showSkybox":false,"showFlares":true,"showImageEffects":true,"showParticleSystems":true},"in2DMode":false,"pivot":{"x":-0.8834428787231445,"y":-0.30438661575317385,"z":3.9955568313598635},"rotation":{"x":0.0209050290286541,"y":-0.9525275826454163,"z":0.2962189316749573,"w":0.06727872788906098},"size":14.284846305847168,"orthographic":false}