{"cameraMode":{"drawMode":0,"name":"Shaded","section":"Shading Mode"},"sceneLighting":true,"audioPlay":false,"sceneViewState":{"showFog":true,"showMaterialUpdate":false,"showSkybox":true,"showFlares":true,"showImageEffects":true,"showParticleSystems":true},"in2DMode":false,"pivot":{"x":-1818.341796875,"y":9.47708511352539,"z":27.301067352294923},"rotation":{"x":0.0059781307354569439,"y":0.6434300541877747,"z":-0.005025009624660015,"w":0.7654663324356079},"size":22.0,"orthographic":false}