{"cameraMode":{"drawMode":0,"name":"Shaded","section":"Shading Mode"},"sceneLighting":true,"audioPlay":true,"sceneViewState":{"showFog":true,"showMaterialUpdate":true,"showSkybox":true,"showFlares":true,"showImageEffects":true,"showParticleSystems":true},"in2DMode":false,"pivot":{"x":10.735732078552246,"y":-3.278618812561035,"z":22.25796890258789},"rotation":{"x":0.059613101184368137,"y":0.8420064449310303,"z":-0.09512743353843689,"w":0.5276569128036499},"size":28.09284019470215,"orthographic":false}