{"cameraMode":{"drawMode":0,"name":"Shaded","section":"Shading Mode"},"sceneLighting":false,"audioPlay":true,"sceneViewState":{"showFog":true,"showMaterialUpdate":true,"showSkybox":false,"showFlares":true,"showImageEffects":true,"showParticleSystems":true},"in2DMode":false,"pivot":{"x":-50.45458984375,"y":1.183543086051941,"z":7.898483753204346},"rotation":{"x":0.05886097624897957,"y":0.8375042676925659,"z":-0.09207502752542496,"w":0.5353922247886658},"size":118.65878295898438,"orthographic":false}