{"cameraMode":{"drawMode":0,"name":"Shaded","section":"Shading Mode"},"sceneLighting":true,"audioPlay":false,"sceneViewState":{"showFog":true,"showMaterialUpdate":false,"showSkybox":true,"showFlares":true,"showImageEffects":true,"showParticleSystems":true},"in2DMode":false,"pivot":{"x":-1790.2127685546875,"y":11.976898193359375,"z":0.19753877818584443},"rotation":{"x":0.08346513658761978,"y":0.7349015474319458,"z":-0.0920138880610466,"w":0.6666985154151917},"size":36.063411712646487,"orthographic":true}