{"cameraMode":{"drawMode":0,"name":"Shaded","section":"Shading Mode"},"sceneLighting":false,"audioPlay":false,"sceneViewState":{"showFog":true,"showMaterialUpdate":true,"showSkybox":false,"showFlares":true,"showImageEffects":true,"showParticleSystems":true},"in2DMode":false,"pivot":{"x":2.4691286087036135,"y":0.7852351665496826,"z":3.837381362915039},"rotation":{"x":-0.1184881180524826,"y":0.3912736773490906,"z":-0.05088074877858162,"w":-0.9111989140510559},"size":7.003379821777344,"orthographic":false}