{"cameraMode":{"drawMode":0,"name":"Shaded","section":"Shading Mode"},"sceneLighting":true,"audioPlay":false,"sceneViewState":{"showFog":true,"showMaterialUpdate":true,"showSkybox":true,"showFlares":true,"showImageEffects":true,"showParticleSystems":true},"in2DMode":false,"pivot":{"x":-1822.2099609375,"y":5.304879665374756,"z":-10.175413131713868},"rotation":{"x":0.13483291864395142,"y":0.5654597282409668,"z":-0.09433705359697342,"w":0.8081965446472168},"size":4.041658401489258,"orthographic":false}