{"cameraMode":{"drawMode":0,"name":"Shaded","section":"Shading Mode"},"sceneLighting":false,"audioPlay":false,"sceneViewState":{"showFog":true,"showMaterialUpdate":false,"showSkybox":false,"showFlares":true,"showImageEffects":true,"showParticleSystems":true},"in2DMode":false,"pivot":{"x":0.0,"y":1.4550000429153443,"z":-0.7110000252723694},"rotation":{"x":0.05025269091129303,"y":0.739751398563385,"z":-0.055580802261829379,"w":0.6687066555023193},"size":5.5507893562316898,"orthographic":false}