{"cameraMode":{"drawMode":0,"name":"Shaded","section":"Shading Mode"},"sceneLighting":true,"audioPlay":true,"sceneViewState":{"showFog":true,"showMaterialUpdate":true,"showSkybox":true,"showFlares":true,"showImageEffects":true,"showParticleSystems":true},"in2DMode":false,"pivot":{"x":6.784793376922607,"y":-1.6950491666793824,"z":15.272439002990723},"rotation":{"x":0.056663878262043,"y":0.8092625737190247,"z":-0.07915414869785309,"w":0.5793253183364868},"size":53.97353744506836,"orthographic":false}