{"cameraMode":{"drawMode":0,"name":"Shaded","section":"Shading Mode"},"sceneLighting":true,"audioPlay":false,"sceneViewState":{"showFog":true,"showMaterialUpdate":false,"showSkybox":true,"showFlares":true,"showImageEffects":true,"showParticleSystems":true},"in2DMode":false,"pivot":{"x":-0.7330322265625,"y":0.073516845703125,"z":-0.0030307769775390627},"rotation":{"x":0.3503860831260681,"y":0.20006005465984345,"z":-0.07688310742378235,"w":0.9117545485496521},"size":1.3841500282287598,"orthographic":false}