{"cameraMode":{"drawMode":0,"name":"Shaded","section":"Shading Mode"},"sceneLighting":false,"audioPlay":false,"sceneViewState":{"showFog":true,"showMaterialUpdate":false,"showSkybox":false,"showFlares":true,"showImageEffects":true,"showParticleSystems":true},"in2DMode":false,"pivot":{"x":-0.008349277079105378,"y":0.019542276859283448,"z":-0.01192060112953186},"rotation":{"x":0.18376055359840394,"y":0.30258113145828249,"z":-0.059573471546173099,"w":0.9333422780036926},"size":1.24332857131958,"orthographic":true}