{"cameraMode":{"drawMode":0,"name":"Shaded","section":"Shading Mode"},"sceneLighting":true,"audioPlay":false,"sceneViewState":{"showFog":true,"showMaterialUpdate":true,"showSkybox":true,"showFlares":true,"showImageEffects":true,"showParticleSystems":true},"in2DMode":false,"pivot":{"x":-112.06108856201172,"y":12.620563507080079,"z":-522.2135009765625},"rotation":{"x":0.09100823104381561,"y":0.3948173224925995,"z":-0.039339445531368259,"w":0.9134010076522827},"size":22.0,"orthographic":false}