{"cameraMode":{"drawMode":0,"name":"Shaded","section":"Shading Mode"},"sceneLighting":true,"audioPlay":false,"sceneViewState":{"showFog":true,"showMaterialUpdate":true,"showSkybox":true,"showFlares":true,"showImageEffects":true,"showParticleSystems":true},"in2DMode":false,"pivot":{"x":0.9061660766601563,"y":-7.531185150146484,"z":5.92006778717041},"rotation":{"x":0.13483291864395142,"y":0.5654597282409668,"z":-0.09433705359697342,"w":0.8081965446472168},"size":44.8641242980957,"orthographic":false}