{"cameraMode":{"drawMode":0,"name":"Shaded","section":"Shading Mode"},"sceneLighting":true,"audioPlay":false,"sceneViewState":{"showFog":true,"showMaterialUpdate":false,"showSkybox":true,"showFlares":true,"showImageEffects":true,"showParticleSystems":true},"in2DMode":false,"pivot":{"x":-0.54559326171875,"y":0.119415283203125,"z":-0.22967529296875},"rotation":{"x":0.11855033785104752,"y":0.5028899908065796,"z":-0.0697845071554184,"w":0.8533657193183899},"size":0.9238169193267822,"orthographic":true}