{"cameraMode":{"drawMode":0,"name":"Shaded","section":"Shading Mode"},"sceneLighting":true,"audioPlay":false,"sceneViewState":{"showFog":true,"showMaterialUpdate":true,"showSkybox":true,"showFlares":true,"showImageEffects":true,"showParticleSystems":true},"in2DMode":false,"pivot":{"x":1.330355167388916,"y":-4.8994140625,"z":2.978315830230713},"rotation":{"x":0.10711317509412766,"y":0.4839680790901184,"z":-0.059830084443092349,"w":0.8664425015449524},"size":9.1137056350708,"orthographic":false}