{"cameraMode":{"drawMode":0,"name":"Shaded","section":"Shading Mode"},"sceneLighting":false,"audioPlay":false,"sceneViewState":{"showFog":true,"showMaterialUpdate":true,"showSkybox":false,"showFlares":true,"showImageEffects":true,"showParticleSystems":true},"in2DMode":false,"pivot":{"x":60.960105895996097,"y":10.254857063293457,"z":12.081245422363282},"rotation":{"x":-0.03638938069343567,"y":0.5559086799621582,"z":-0.024369986727833749,"w":-0.8300912380218506},"size":14.01627254486084,"orthographic":false}