{"cameraMode":{"drawMode":0,"name":"Shaded","section":"Shading Mode"},"sceneLighting":true,"audioPlay":false,"sceneViewState":{"showFog":true,"showMaterialUpdate":false,"showSkybox":true,"showFlares":true,"showImageEffects":true,"showParticleSystems":true},"in2DMode":false,"pivot":{"x":-0.000008821487426757813,"y":1.159496784210205,"z":3.0},"rotation":{"x":-0.17349620163440705,"y":-0.7780492901802063,"z":0.24451947212219239,"w":-0.5520481467247009},"size":11.774471282958985,"orthographic":false}