{"cameraMode":{"drawMode":0,"name":"Shaded","section":"Shading Mode"},"sceneLighting":true,"audioPlay":false,"sceneViewState":{"showFog":true,"showMaterialUpdate":false,"showSkybox":true,"showFlares":true,"showImageEffects":true,"showParticleSystems":true},"in2DMode":false,"pivot":{"x":-1790.2423095703125,"y":12.50566291809082,"z":-0.6864280700683594},"rotation":{"x":0.09280852228403092,"y":0.5425732135772705,"z":-0.060474105179309848,"w":0.8326764702796936},"size":44.360862731933597,"orthographic":false}