{"cameraMode":{"drawMode":0,"name":"Shaded","section":"Shading Mode"},"sceneLighting":true,"audioPlay":false,"sceneViewState":{"showFog":true,"showMaterialUpdate":true,"showSkybox":true,"showFlares":true,"showImageEffects":true,"showParticleSystems":true},"in2DMode":false,"pivot":{"x":-2.6716058254241945,"y":-6.7976813316345219,"z":-0.29355084896087649},"rotation":{"x":0.10212815552949906,"y":-0.6565765142440796,"z":0.09039033204317093,"w":0.7418357133865356},"size":12.699535369873047,"orthographic":false}