{"cameraMode":{"drawMode":0,"name":"Shaded","section":"Shading Mode"},"sceneLighting":false,"audioPlay":false,"sceneViewState":{"showFog":true,"showMaterialUpdate":false,"showSkybox":false,"showFlares":true,"showImageEffects":true,"showParticleSystems":true},"in2DMode":false,"pivot":{"x":314.79339599609377,"y":-558.458984375,"z":-1158.2130126953125},"rotation":{"x":0.024253573268651964,"y":0.9129058122634888,"z":-0.05484020337462425,"w":0.40374109148979189},"size":4665.0126953125,"orthographic":false}