{"cameraMode":{"drawMode":0,"name":"Shaded","section":"Shading Mode"},"sceneLighting":false,"audioPlay":false,"sceneViewState":{"showFog":true,"showMaterialUpdate":false,"showSkybox":false,"showFlares":true,"showImageEffects":true,"showParticleSystems":true},"in2DMode":false,"pivot":{"x":-0.555076539516449,"y":0.15242493152618409,"z":-0.11362007260322571},"rotation":{"x":0.18041034042835236,"y":0.7088800668716431,"z":-0.19569693505764008,"w":0.6532780528068543},"size":1.3665591478347779,"orthographic":true}