{"cameraMode":{"drawMode":0,"name":"Shaded","section":"Shading Mode"},"sceneLighting":true,"audioPlay":false,"sceneViewState":{"showFog":true,"showMaterialUpdate":true,"showSkybox":true,"showFlares":true,"showImageEffects":true,"showParticleSystems":true},"in2DMode":false,"pivot":{"x":-403.8114013671875,"y":181.35980224609376,"z":34818.109375},"rotation":{"x":-0.15624785423278809,"y":-0.4924818277359009,"z":0.0903867706656456,"w":-0.8514140844345093},"size":1647.8731689453125,"orthographic":false}