{"cameraMode":{"drawMode":0,"name":"Shaded","section":"Shading Mode"},"sceneLighting":true,"audioPlay":false,"sceneViewState":{"showFog":true,"showMaterialUpdate":true,"showSkybox":true,"showFlares":true,"showImageEffects":true,"showParticleSystems":true},"in2DMode":false,"pivot":{"x":176.02001953125,"y":-490.3812255859375,"z":61349.7265625},"rotation":{"x":-0.06462007761001587,"y":-0.8439856767654419,"z":0.10316211730241776,"w":-0.5226131081581116},"size":7986.36328125,"orthographic":false}