{"cameraMode":{"drawMode":0,"name":"Shaded","section":"Shading Mode"},"sceneLighting":false,"audioPlay":false,"sceneViewState":{"showFog":true,"showMaterialUpdate":true,"showSkybox":false,"showFlares":true,"showImageEffects":true,"showParticleSystems":true},"in2DMode":false,"pivot":{"x":4.302986145019531,"y":2.6013336181640627,"z":9.5116548538208},"rotation":{"x":-0.13319484889507295,"y":0.765446126461029,"z":-0.16830967366695405,"w":-0.6067264676094055},"size":30.12520408630371,"orthographic":false}