{"cameraMode":{"drawMode":0,"name":"Shaded","section":"Shading Mode"},"sceneLighting":true,"audioPlay":false,"sceneViewState":{"showFog":true,"showMaterialUpdate":true,"showSkybox":true,"showFlares":true,"showImageEffects":true,"showParticleSystems":true},"in2DMode":false,"pivot":{"x":-0.31704404950141909,"y":0.9289844036102295,"z":0.46387195587158205},"rotation":{"x":0.0005888729356229305,"y":0.9997791051864624,"z":0.019183499738574029,"w":-0.014724991284310818},"size":14.767905235290528,"orthographic":false}