{"cameraMode":{"drawMode":0,"name":"Shaded","section":"Shading Mode"},"sceneLighting":true,"audioPlay":false,"sceneViewState":{"showFog":true,"showMaterialUpdate":true,"showSkybox":true,"showFlares":true,"showImageEffects":true,"showParticleSystems":true},"in2DMode":false,"pivot":{"x":-79.07820892333985,"y":-18.817663192749025,"z":-137.98670959472657},"rotation":{"x":0.015150023624300957,"y":-0.9771108031272888,"z":0.19939403235912324,"w":0.07369808107614517},"size":165.08840942382813,"orthographic":false}