{"cameraMode":{"drawMode":0,"name":"Shaded","section":"Shading Mode"},"sceneLighting":true,"audioPlay":false,"sceneViewState":{"showFog":true,"showMaterialUpdate":true,"showSkybox":true,"showFlares":true,"showImageEffects":true,"showParticleSystems":true},"in2DMode":false,"pivot":{"x":-496.47772216796877,"y":107.69371795654297,"z":59154.46484375},"rotation":{"x":-0.1614859253168106,"y":0.1955987960100174,"z":-0.032748185098171237,"w":-0.9667938351631165},"size":83.47317504882813,"orthographic":false}