{"cameraMode":{"drawMode":0,"name":"Shaded","section":"Shading Mode"},"sceneLighting":true,"audioPlay":false,"sceneViewState":{"showFog":true,"showMaterialUpdate":true,"showSkybox":true,"showFlares":true,"showImageEffects":true,"showParticleSystems":true},"in2DMode":false,"pivot":{"x":-0.2423095703125,"y":0.5056629180908203,"z":-0.6864280700683594},"rotation":{"x":-0.12439340353012085,"y":0.49345535039901736,"z":0.07155105471611023,"w":0.8578566908836365},"size":20.14478302001953,"orthographic":false}