{"cameraMode":{"drawMode":0,"name":"Shaded","section":"Shading Mode"},"sceneLighting":true,"audioPlay":true,"sceneViewState":{"showFog":true,"showMaterialUpdate":true,"showSkybox":true,"showFlares":true,"showImageEffects":true,"showParticleSystems":true},"in2DMode":false,"pivot":{"x":-0.07878240942955017,"y":-2.2880003452301027,"z":-0.43657398223876955},"rotation":{"x":-0.12323769181966782,"y":-0.8673974275588989,"z":-0.2651233375072479,"w":0.4027503430843353},"size":6.069729804992676,"orthographic":false}