{"cameraMode":{"drawMode":0,"name":"Shaded","section":"Shading Mode"},"sceneLighting":true,"audioPlay":false,"sceneViewState":{"showFog":true,"showMaterialUpdate":true,"showSkybox":true,"showFlares":true,"showImageEffects":true,"showParticleSystems":true},"in2DMode":false,"pivot":{"x":173.123291015625,"y":-31.9937744140625,"z":-182.6370849609375},"rotation":{"x":0.09318310022354126,"y":0.5724321603775024,"z":-0.06579764932394028,"w":0.8120990991592407},"size":2445.114501953125,"orthographic":false}