{"cameraMode":{"drawMode":0,"name":"Shaded","section":"Shading Mode"},"sceneLighting":false,"audioPlay":false,"sceneViewState":{"showFog":true,"showMaterialUpdate":true,"showSkybox":false,"showFlares":true,"showImageEffects":true,"showParticleSystems":true},"in2DMode":false,"pivot":{"x":976.2830810546875,"y":820.4854736328125,"z":-21.507080078125},"rotation":{"x":0.06124677136540413,"y":-0.1433485597372055,"z":0.009551269933581353,"w":0.9878537058830261},"size":1323.0517578125,"orthographic":false}