{"cameraMode":{"drawMode":0,"name":"Shaded","section":"Shading Mode"},"sceneLighting":true,"audioPlay":false,"sceneViewState":{"showFog":true,"showMaterialUpdate":true,"showSkybox":true,"showFlares":true,"showImageEffects":true,"showParticleSystems":true},"in2DMode":false,"pivot":{"x":103.77108764648438,"y":-62.95086669921875,"z":310.783935546875},"rotation":{"x":0.255256712436676,"y":0.1800244003534317,"z":-0.04846762493252754,"w":0.9488219618797302},"size":885.6232299804688,"orthographic":false}