{"cameraMode":{"drawMode":0,"name":"Shaded","section":"Shading Mode"},"sceneLighting":true,"audioPlay":false,"sceneViewState":{"showFog":true,"showMaterialUpdate":true,"showSkybox":true,"showFlares":true,"showImageEffects":true,"showParticleSystems":true},"in2DMode":false,"pivot":{"x":18.075956344604493,"y":-16.754127502441408,"z":-58.348548889160159},"rotation":{"x":0.00226849177852273,"y":-0.9690916538238525,"z":0.24673523008823396,"w":0.008697111159563065},"size":38.32638931274414,"orthographic":false}