{"cameraMode":{"drawMode":0,"name":"Shaded","section":"Shading Mode"},"sceneLighting":true,"audioPlay":false,"sceneViewState":{"showFog":true,"showMaterialUpdate":true,"showSkybox":true,"showFlares":true,"showImageEffects":true,"showParticleSystems":true},"in2DMode":false,"pivot":{"x":4.531232833862305,"y":338.39129638671877,"z":-44.05644226074219},"rotation":{"x":0.09147873520851135,"y":0.7904850840568543,"z":-0.1218964010477066,"w":0.5932294130325317},"size":129.6263885498047,"orthographic":false}