{"cameraMode":{"drawMode":0,"name":"Shaded","section":"Shading Mode"},"sceneLighting":true,"audioPlay":false,"sceneViewState":{"showFog":true,"showMaterialUpdate":true,"showSkybox":true,"showFlares":true,"showImageEffects":true,"showParticleSystems":true},"in2DMode":false,"pivot":{"x":-1817.919189453125,"y":335.0318908691406,"z":60933.1015625},"rotation":{"x":-0.03489771857857704,"y":-0.904195249080658,"z":0.07358244806528092,"w":-0.4195866584777832},"size":94.76168060302735,"orthographic":false}