{"cameraMode":{"drawMode":0,"name":"Shaded","section":"Shading Mode"},"sceneLighting":true,"audioPlay":false,"sceneViewState":{"showFog":true,"showMaterialUpdate":true,"showSkybox":true,"showFlares":true,"showImageEffects":true,"showParticleSystems":true},"in2DMode":false,"pivot":{"x":1453.362548828125,"y":-746.0735473632813,"z":-7039.18359375},"rotation":{"x":0.002619541482999921,"y":0.9964720010757446,"z":-0.03470741584897041,"w":0.07767590135335922},"size":10902.916015625,"orthographic":false}