{"cameraMode":{"drawMode":0,"name":"Shaded","section":"Shading Mode"},"sceneLighting":true,"audioPlay":false,"sceneViewState":{"showFog":true,"showMaterialUpdate":true,"showSkybox":true,"showFlares":true,"showImageEffects":true,"showParticleSystems":true},"in2DMode":false,"pivot":{"x":14.530851364135743,"y":-2.605930805206299,"z":-12.866729736328125},"rotation":{"x":-0.01649724878370762,"y":-0.9567809104919434,"z":0.054854243993759158,"w":-0.28526392579078677},"size":45.886253356933597,"orthographic":false}