{"cameraMode":{"drawMode":0,"name":"Shaded","section":"Shading Mode"},"sceneLighting":true,"audioPlay":false,"sceneViewState":{"showFog":true,"showMaterialUpdate":true,"showSkybox":true,"showFlares":true,"showImageEffects":true,"showParticleSystems":true},"in2DMode":false,"pivot":{"x":75.71331787109375,"y":-157.678466796875,"z":35168.09765625},"rotation":{"x":0.17507702112197877,"y":0.1748095601797104,"z":-0.03140267729759216,"w":0.9684736728668213},"size":3748.765869140625,"orthographic":false}