{"cameraMode":{"drawMode":0,"name":"Shaded","section":"Shading Mode"},"sceneLighting":true,"audioPlay":false,"sceneViewState":{"showFog":true,"showMaterialUpdate":true,"showSkybox":true,"showFlares":true,"showImageEffects":true,"showParticleSystems":true},"in2DMode":false,"pivot":{"x":-390.31829833984377,"y":119.4964599609375,"z":36732.26953125},"rotation":{"x":0.03412200137972832,"y":-0.9271356463432312,"z":0.09044881165027619,"w":0.36270788311958315},"size":921.0730590820313,"orthographic":false}