{"cameraMode":{"drawMode":0,"name":"Shaded","section":"Shading Mode"},"sceneLighting":true,"audioPlay":false,"sceneViewState":{"showFog":true,"showMaterialUpdate":true,"showSkybox":true,"showFlares":true,"showImageEffects":true,"showParticleSystems":true},"in2DMode":false,"pivot":{"x":2574.462158203125,"y":-1.7100729942321778,"z":60011.7421875},"rotation":{"x":-0.23855014145374299,"y":-0.6132680773735046,"z":0.20073799788951875,"w":-0.7259165048599243},"size":20.333450317382814,"orthographic":false}