{"cameraMode":{"drawMode":0,"name":"Shaded","section":"Shading Mode"},"sceneLighting":true,"audioPlay":false,"sceneViewState":{"showFog":true,"showMaterialUpdate":true,"showSkybox":true,"showFlares":true,"showImageEffects":true,"showParticleSystems":true},"in2DMode":false,"pivot":{"x":16.828125,"y":-0.0357666015625,"z":20443.64453125},"rotation":{"x":0.09818080067634583,"y":-0.8583157062530518,"z":0.17923595011234284,"w":0.4707189202308655},"size":3781.214111328125,"orthographic":false}