{"cameraMode":{"drawMode":0,"name":"Shaded","section":"Shading Mode"},"sceneLighting":false,"audioPlay":false,"sceneViewState":{"showFog":true,"showMaterialUpdate":false,"showSkybox":false,"showFlares":true,"showImageEffects":true,"showParticleSystems":true},"in2DMode":false,"pivot":{"x":5.403076171875,"y":53.720088958740237,"z":119.95276641845703},"rotation":{"x":-0.10494683682918549,"y":-0.35952216386795046,"z":0.04072423279285431,"w":-0.9263280034065247},"size":594.7539672851563,"orthographic":false}