{"cameraMode":{"drawMode":0,"name":"Shaded","section":"Shading Mode"},"sceneLighting":true,"audioPlay":false,"sceneViewState":{"showFog":true,"showMaterialUpdate":true,"showSkybox":true,"showFlares":true,"showImageEffects":true,"showParticleSystems":true},"in2DMode":false,"pivot":{"x":257.5439453125,"y":9.25140380859375,"z":255.2513427734375},"rotation":{"x":-0.010686753317713738,"y":0.7558493614196777,"z":0.01216396689414978,"w":0.6546789407730103},"size":2897.874755859375,"orthographic":false}