{"cameraMode":{"drawMode":0,"name":"Shaded","section":"Shading Mode"},"sceneLighting":true,"audioPlay":false,"sceneViewState":{"showFog":true,"showMaterialUpdate":true,"showSkybox":true,"showFlares":true,"showImageEffects":true,"showParticleSystems":true},"in2DMode":false,"pivot":{"x":153.3365478515625,"y":21.779876708984376,"z":60427.72265625},"rotation":{"x":-0.09395552426576615,"y":-0.566228449344635,"z":0.06504634767770767,"w":-0.8163403272628784},"size":2299.370361328125,"orthographic":false}