{"cameraMode":{"drawMode":0,"name":"Shaded","section":"Shading Mode"},"sceneLighting":true,"audioPlay":false,"sceneViewState":{"showFog":true,"showMaterialUpdate":true,"showSkybox":true,"showFlares":true,"showImageEffects":true,"showParticleSystems":true},"in2DMode":false,"pivot":{"x":-191.1489715576172,"y":132.3871612548828,"z":36046.80859375},"rotation":{"x":0.07250050455331803,"y":-0.06923123449087143,"z":0.005997971165925264,"w":0.9951474666595459},"size":37.17115020751953,"orthographic":false}