{"cameraMode":{"drawMode":0,"name":"Shaded","section":"Shading Mode"},"sceneLighting":true,"audioPlay":false,"sceneViewState":{"showFog":true,"showMaterialUpdate":true,"showSkybox":true,"showFlares":true,"showImageEffects":true,"showParticleSystems":true},"in2DMode":false,"pivot":{"x":-477.547119140625,"y":108.34053039550781,"z":-710.8040771484375},"rotation":{"x":0.0851999893784523,"y":0.9029526710510254,"z":-0.21128278970718385,"w":0.36465489864349368},"size":70.45344543457031,"orthographic":false}