{"cameraMode":{"drawMode":0,"name":"Shaded","section":"Shading Mode"},"sceneLighting":true,"audioPlay":false,"sceneViewState":{"showFog":true,"showMaterialUpdate":true,"showSkybox":true,"showFlares":true,"showImageEffects":true,"showParticleSystems":true},"in2DMode":false,"pivot":{"x":523.5108032226563,"y":-779.0484008789063,"z":10396.54296875},"rotation":{"x":0.05603252351284027,"y":-0.9234950542449951,"z":0.14808925986289979,"w":0.3494967818260193},"size":317.9080505371094,"orthographic":true}