{"cameraMode":{"drawMode":0,"name":"Shaded","section":"Shading Mode"},"sceneLighting":true,"audioPlay":false,"sceneViewState":{"showFog":true,"showMaterialUpdate":true,"showSkybox":true,"showFlares":true,"showImageEffects":true,"showParticleSystems":true},"in2DMode":false,"pivot":{"x":-0.87841796875,"y":-0.04852294921875,"z":-0.28521728515625},"rotation":{"x":0.052821069955825809,"y":0.5974950790405273,"z":-0.0394919253885746,"w":0.7991569638252258},"size":1.5893853902816773,"orthographic":true}