{"cameraMode":{"drawMode":0,"name":"Shaded","section":"Shading Mode"},"sceneLighting":true,"audioPlay":false,"sceneViewState":{"showFog":true,"showMaterialUpdate":true,"showSkybox":true,"showFlares":true,"showImageEffects":true,"showParticleSystems":true},"in2DMode":false,"pivot":{"x":607.6620483398438,"y":428.1886291503906,"z":-718.6971435546875},"rotation":{"x":0.1171901524066925,"y":-0.03198660537600517,"z":0.003904572455212474,"w":0.9926376342773438},"size":22.0,"orthographic":false}