{"cameraMode":{"drawMode":0,"name":"Shaded","section":"Shading Mode"},"sceneLighting":true,"audioPlay":false,"sceneViewState":{"showFog":true,"showMaterialUpdate":true,"showSkybox":true,"showFlares":true,"showImageEffects":true,"showParticleSystems":true},"in2DMode":false,"pivot":{"x":705.802734375,"y":104.17935180664063,"z":9858.466796875},"rotation":{"x":0.013208799064159394,"y":-0.9736701250076294,"z":0.05849248170852661,"w":0.22007492184638978},"size":1389.4268798828125,"orthographic":false}