{"cameraMode":{"drawMode":0,"name":"Shaded","section":"Shading Mode"},"sceneLighting":false,"audioPlay":false,"sceneViewState":{"showFog":true,"showMaterialUpdate":false,"showSkybox":false,"showFlares":true,"showImageEffects":true,"showParticleSystems":true},"in2DMode":false,"pivot":{"x":-195.292724609375,"y":75.15583801269531,"z":-33.55255889892578},"rotation":{"x":0.17987282574176789,"y":0.659137487411499,"z":-0.16676242649555207,"w":0.7109083533287048},"size":366.8482971191406,"orthographic":false}