{"cameraMode":{"drawMode":0,"name":"Shaded","section":"Shading Mode"},"sceneLighting":true,"audioPlay":false,"sceneViewState":{"showFog":true,"showMaterialUpdate":true,"showSkybox":true,"showFlares":true,"showImageEffects":true,"showParticleSystems":true},"in2DMode":false,"pivot":{"x":2702.4892578125,"y":-1191.8746337890625,"z":2329.875732421875},"rotation":{"x":0.15523865818977357,"y":0.40722763538360598,"z":-0.07047689706087113,"w":0.8973709344863892},"size":3923.9833984375,"orthographic":false}