{"cameraMode":{"drawMode":0,"name":"Shaded","section":"Shading Mode"},"sceneLighting":true,"audioPlay":false,"sceneViewState":{"showFog":true,"showMaterialUpdate":true,"showSkybox":true,"showFlares":true,"showImageEffects":true,"showParticleSystems":true},"in2DMode":false,"pivot":{"x":-362.78253173828127,"y":220.6468505859375,"z":58757.26171875},"rotation":{"x":-0.2960628867149353,"y":-0.34426385164260867,"z":0.11459685117006302,"w":-0.8837099075317383},"size":77.48860168457031,"orthographic":false}