{"cameraMode":{"drawMode":0,"name":"Shaded","section":"Shading Mode"},"sceneLighting":true,"audioPlay":false,"sceneViewState":{"showFog":true,"showMaterialUpdate":true,"showSkybox":true,"showFlares":true,"showImageEffects":true,"showParticleSystems":true},"in2DMode":false,"pivot":{"x":-499.50482177734377,"y":1032.272216796875,"z":-1742.086181640625},"rotation":{"x":0.16324444115161897,"y":-0.7300785779953003,"z":0.1869717538356781,"w":0.6368193030357361},"size":397.13726806640627,"orthographic":false}