{"cameraMode":{"drawMode":0,"name":"Shaded","section":"Shading Mode"},"sceneLighting":true,"audioPlay":false,"sceneViewState":{"showFog":true,"showMaterialUpdate":true,"showSkybox":true,"showFlares":true,"showImageEffects":true,"showParticleSystems":true},"in2DMode":false,"pivot":{"x":-66.5135498046875,"y":-435.056884765625,"z":60653.07421875},"rotation":{"x":0.09074486792087555,"y":0.34078800678253176,"z":-0.03246917948126793,"w":0.9353137016296387},"size":604.3800048828125,"orthographic":false}