{"cameraMode":{"drawMode":0,"name":"Shaded","section":"Shading Mode"},"sceneLighting":true,"audioPlay":false,"sceneViewState":{"showFog":true,"showMaterialUpdate":true,"showSkybox":true,"showFlares":true,"showImageEffects":true,"showParticleSystems":true},"in2DMode":false,"pivot":{"x":-133.94664001464845,"y":391.6381530761719,"z":61272.69921875},"rotation":{"x":-0.03651263937354088,"y":-0.000798816152382642,"z":-0.0006237019551917911,"w":-0.9994675517082214},"size":426.8370666503906,"orthographic":false}