{"cameraMode":{"drawMode":0,"name":"Shaded","section":"Shading Mode"},"sceneLighting":true,"audioPlay":false,"sceneViewState":{"showFog":true,"showMaterialUpdate":true,"showSkybox":true,"showFlares":true,"showImageEffects":true,"showParticleSystems":true},"in2DMode":false,"pivot":{"x":3158.588134765625,"y":-941.01416015625,"z":1056.5401611328125},"rotation":{"x":0.054623112082481387,"y":0.6691979169845581,"z":-0.049551937729120257,"w":0.7395521998405457},"size":4487.80908203125,"orthographic":false}