{"cameraMode":{"drawMode":0,"name":"Shaded","section":"Shading Mode"},"sceneLighting":true,"audioPlay":true,"sceneViewState":{"showFog":true,"showMaterialUpdate":true,"showSkybox":true,"showFlares":true,"showImageEffects":true,"showParticleSystems":true},"in2DMode":false,"pivot":{"x":-0.13334491848945619,"y":-1.5449562072753907,"z":-0.7544436454772949},"rotation":{"x":-0.13954323530197144,"y":0.09730523079633713,"z":0.013866190798580647,"w":0.9853562116622925},"size":13.272574424743653,"orthographic":false}