{"cameraMode":{"drawMode":0,"name":"Shaded","section":"Shading Mode"},"sceneLighting":true,"audioPlay":false,"sceneViewState":{"showFog":true,"showMaterialUpdate":true,"showSkybox":true,"showFlares":true,"showImageEffects":true,"showParticleSystems":true},"in2DMode":false,"pivot":{"x":9.198199272155762,"y":-36.34376907348633,"z":-106.47482299804688},"rotation":{"x":-0.03843599557876587,"y":-0.9615269303321838,"z":0.19772571325302125,"w":-0.18693652749061585},"size":131.33164978027345,"orthographic":false}