{"cameraMode":{"drawMode":0,"name":"Shaded","section":"Shading Mode"},"sceneLighting":true,"audioPlay":false,"sceneViewState":{"showFog":true,"showMaterialUpdate":true,"showSkybox":true,"showFlares":true,"showImageEffects":true,"showParticleSystems":true},"in2DMode":false,"pivot":{"x":200.56988525390626,"y":185.7802734375,"z":60983.68359375},"rotation":{"x":0.47112545371055605,"y":0.037798114120960239,"z":-0.01999858394265175,"w":0.8810887336730957},"size":402.1198425292969,"orthographic":false}