{"cameraMode":{"drawMode":0,"name":"Shaded","section":"Shading Mode"},"sceneLighting":false,"audioPlay":true,"sceneViewState":{"showFog":true,"showMaterialUpdate":true,"showSkybox":false,"showFlares":true,"showImageEffects":true,"showParticleSystems":true},"in2DMode":false,"pivot":{"x":5.960464477539063e-8,"y":-2.6500000953674318,"z":-0.44300007820129397},"rotation":{"x":-0.035488031804561618,"y":-0.9644715189933777,"z":-0.19467377662658692,"w":0.17521698772907258},"size":5.156710624694824,"orthographic":false}