{"cameraMode":{"drawMode":0,"name":"Shaded","section":"Shading Mode"},"sceneLighting":false,"audioPlay":false,"sceneViewState":{"showFog":true,"showMaterialUpdate":true,"showSkybox":false,"showFlares":true,"showImageEffects":true,"showParticleSystems":true},"in2DMode":false,"pivot":{"x":735.78857421875,"y":668.5631103515625,"z":5.853271484375},"rotation":{"x":0.009310024790465832,"y":0.0018156745936721564,"z":0.00006060794839868322,"w":0.9999769330024719},"size":773.0731811523438,"orthographic":false}