{"cameraMode":{"drawMode":0,"name":"Shaded","section":"Shading Mode"},"sceneLighting":true,"audioPlay":false,"sceneViewState":{"showFog":true,"showMaterialUpdate":true,"showSkybox":true,"showFlares":true,"showImageEffects":true,"showParticleSystems":true},"in2DMode":false,"pivot":{"x":-484.5509338378906,"y":-309.8599853515625,"z":35261.91796875},"rotation":{"x":-0.0018286185804754496,"y":0.9771482348442078,"z":-0.009130029007792473,"w":-0.21257126331329347},"size":1978.437744140625,"orthographic":false}