{"cameraMode":{"drawMode":0,"name":"Shaded","section":"Shading Mode"},"sceneLighting":false,"audioPlay":false,"sceneViewState":{"showFog":true,"showMaterialUpdate":false,"showSkybox":false,"showFlares":true,"showImageEffects":true,"showParticleSystems":true},"in2DMode":false,"pivot":{"x":-165.2294921875,"y":187.9415283203125,"z":303.13677978515627},"rotation":{"x":-0.10494683682918549,"y":-0.35952216386795046,"z":0.04072423279285431,"w":-0.9263280034065247},"size":5466.4404296875,"orthographic":false}