{"cameraMode":{"drawMode":0,"name":"Shaded","section":"Shading Mode"},"sceneLighting":true,"audioPlay":false,"sceneViewState":{"showFog":true,"showMaterialUpdate":true,"showSkybox":true,"showFlares":true,"showImageEffects":true,"showParticleSystems":true},"in2DMode":false,"pivot":{"x":-11.28864860534668,"y":-12.062010765075684,"z":-35.74629211425781},"rotation":{"x":-0.01515835989266634,"y":-0.982365071773529,"z":0.16237476468086244,"w":-0.09164494276046753},"size":45.9296989440918,"orthographic":false}