{"cameraMode":{"drawMode":0,"name":"Shaded","section":"Shading Mode"},"sceneLighting":true,"audioPlay":false,"sceneViewState":{"showFog":true,"showMaterialUpdate":true,"showSkybox":false,"showFlares":true,"showImageEffects":true,"showParticleSystems":true},"in2DMode":false,"pivot":{"x":0.06005482375621796,"y":1.8972855806350709,"z":-15.192697525024414},"rotation":{"x":-0.07446613907814026,"y":-0.9255357384681702,"z":0.24307839572429658,"w":-0.28108930587768557},"size":20.563701629638673,"orthographic":false}