{"cameraMode":{"drawMode":0,"name":"Shaded","section":"Shading Mode"},"sceneLighting":true,"audioPlay":false,"sceneViewState":{"showFog":true,"showMaterialUpdate":true,"showSkybox":true,"showFlares":true,"showImageEffects":true,"showParticleSystems":true},"in2DMode":false,"pivot":{"x":73.47852325439453,"y":-137.89608764648438,"z":36662.05859375},"rotation":{"x":0.01738203875720501,"y":0.981278657913208,"z":-0.10518521815538407,"w":0.16065391898155213},"size":1448.627685546875,"orthographic":false}