{"cameraMode":{"drawMode":0,"name":"Shaded","section":"Shading Mode"},"sceneLighting":true,"audioPlay":false,"sceneViewState":{"showFog":true,"showMaterialUpdate":true,"showSkybox":true,"showFlares":true,"showImageEffects":true,"showParticleSystems":true},"in2DMode":false,"pivot":{"x":630.7626953125,"y":365.987548828125,"z":15.372314453125},"rotation":{"x":-0.05448321998119354,"y":0.019047316163778306,"z":-0.0011424601543694735,"w":-0.9983749985694885},"size":851.4639892578125,"orthographic":false}