{"cameraMode":{"drawMode":0,"name":"Shaded","section":"Shading Mode"},"sceneLighting":true,"audioPlay":false,"sceneViewState":{"showFog":true,"showMaterialUpdate":true,"showSkybox":true,"showFlares":true,"showImageEffects":true,"showParticleSystems":true},"in2DMode":false,"pivot":{"x":-782.16943359375,"y":285.8421325683594,"z":9821.650390625},"rotation":{"x":-0.013843964785337448,"y":-0.8740182518959045,"z":0.02490774169564247,"w":-0.48512083292007449},"size":1389.4268798828125,"orthographic":false}