{"cameraMode":{"drawMode":0,"name":"Shaded","section":"Shading Mode"},"sceneLighting":false,"audioPlay":false,"sceneViewState":{"showFog":true,"showMaterialUpdate":false,"showSkybox":false,"showFlares":true,"showImageEffects":true,"showParticleSystems":true},"in2DMode":false,"pivot":{"x":-154.6011199951172,"y":202.9306182861328,"z":329.7652282714844},"rotation":{"x":0.00958308670669794,"y":0.9361987113952637,"z":-0.025569913908839227,"w":0.35043302178382876},"size":428.64532470703127,"orthographic":false}