{"cameraMode":{"drawMode":0,"name":"Shaded","section":"Shading Mode"},"sceneLighting":true,"audioPlay":false,"sceneViewState":{"showFog":true,"showMaterialUpdate":true,"showSkybox":true,"showFlares":true,"showImageEffects":true,"showParticleSystems":true},"in2DMode":false,"pivot":{"x":-439.8998107910156,"y":285.2361145019531,"z":61111.8203125},"rotation":{"x":-0.14828698337078095,"y":0.4096404016017914,"z":-0.06840477883815766,"w":-0.8976608514785767},"size":426.8370666503906,"orthographic":false}