{"cameraMode":{"drawMode":0,"name":"Shaded","section":"Shading Mode"},"sceneLighting":false,"audioPlay":false,"sceneViewState":{"showFog":true,"showMaterialUpdate":true,"showSkybox":false,"showFlares":true,"showImageEffects":true,"showParticleSystems":true},"in2DMode":false,"pivot":{"x":-0.2423095703125,"y":0.5056629180908203,"z":-0.6864280700683594},"rotation":{"x":0.03683648630976677,"y":-0.8634270429611206,"z":0.06388518959283829,"w":0.49909666180610659},"size":44.36100387573242,"orthographic":false}