{"cameraMode":{"drawMode":0,"name":"Shaded","section":"Shading Mode"},"sceneLighting":false,"audioPlay":false,"sceneViewState":{"showFog":true,"showMaterialUpdate":false,"showSkybox":false,"showFlares":true,"showImageEffects":true,"showParticleSystems":true},"in2DMode":false,"pivot":{"x":27.879051208496095,"y":-631.0313720703125,"z":2636.530029296875},"rotation":{"x":0.0013782212045043707,"y":-0.9822421073913574,"z":-0.18757197260856629,"w":-0.007304597180336714},"size":187.24586486816407,"orthographic":false}