{"cameraMode":{"drawMode":0,"name":"Shaded","section":"Shading Mode"},"sceneLighting":false,"audioPlay":false,"sceneViewState":{"showFog":true,"showMaterialUpdate":true,"showSkybox":false,"showFlares":true,"showImageEffects":true,"showParticleSystems":true},"in2DMode":false,"pivot":{"x":7.6798553466796879,"y":340.93243408203127,"z":-48.90000534057617},"rotation":{"x":-0.02294275350868702,"y":0.9761308431625366,"z":-0.12960240244865418,"w":-0.17279252409934998},"size":91.89341735839844,"orthographic":false}