{"cameraMode":{"drawMode":0,"name":"Shaded","section":"Shading Mode"},"sceneLighting":false,"audioPlay":false,"sceneViewState":{"showFog":true,"showMaterialUpdate":true,"showSkybox":false,"showFlares":true,"showImageEffects":true,"showParticleSystems":true},"in2DMode":false,"pivot":{"x":0.5757465362548828,"y":5.370815753936768,"z":1.6774559020996094},"rotation":{"x":0.018309300765395166,"y":0.0018159362953156233,"z":0.000045922151912236586,"w":0.999853789806366},"size":42.107913970947269,"orthographic":false}