{"cameraMode":{"drawMode":0,"name":"Shaded","section":"Shading Mode"},"sceneLighting":true,"audioPlay":false,"sceneViewState":{"showFog":true,"showMaterialUpdate":true,"showSkybox":true,"showFlares":true,"showImageEffects":true,"showParticleSystems":true},"in2DMode":false,"pivot":{"x":-6721.34130859375,"y":2995.2197265625,"z":56885.42578125},"rotation":{"x":-0.18285061419010163,"y":-0.5726948976516724,"z":0.13288694620132447,"w":-0.7880406975746155},"size":4619.09619140625,"orthographic":false}