{"cameraMode":{"drawMode":0,"name":"Shaded","section":"Shading Mode"},"sceneLighting":true,"audioPlay":false,"sceneViewState":{"showFog":true,"showMaterialUpdate":true,"showSkybox":true,"showFlares":true,"showImageEffects":true,"showParticleSystems":true},"in2DMode":false,"pivot":{"x":-1706.2960205078125,"y":16.546924591064454,"z":59431.19921875},"rotation":{"x":-0.0019881243351846935,"y":-0.6161885261535645,"z":0.000729958584997803,"w":-0.7877584099769592},"size":14.503995895385743,"orthographic":false}