{"cameraMode":{"drawMode":0,"name":"Shaded","section":"Shading Mode"},"sceneLighting":true,"audioPlay":false,"sceneViewState":{"showFog":true,"showMaterialUpdate":true,"showSkybox":true,"showFlares":true,"showImageEffects":true,"showParticleSystems":true},"in2DMode":false,"pivot":{"x":92.81845092773438,"y":-14.781272888183594,"z":-33.87431335449219},"rotation":{"x":-0.05510249733924866,"y":-0.6939396262168884,"z":0.05340469628572464,"w":-0.7159672379493713},"size":131.33164978027345,"orthographic":false}