{"cameraMode":{"drawMode":0,"name":"Shaded","section":"Shading Mode"},"sceneLighting":false,"audioPlay":false,"sceneViewState":{"showFog":true,"showMaterialUpdate":true,"showSkybox":false,"showFlares":true,"showImageEffects":true,"showParticleSystems":true},"in2DMode":false,"pivot":{"x":83.20114135742188,"y":141.46116638183595,"z":541.9418334960938},"rotation":{"x":-0.16428084671497346,"y":-0.5568854212760925,"z":0.11346637457609177,"w":-0.8062859177589417},"size":22.0,"orthographic":false}