{"cameraMode":{"drawMode":0,"name":"Shaded","section":"Shading Mode"},"sceneLighting":true,"audioPlay":false,"sceneViewState":{"showFog":true,"showMaterialUpdate":true,"showSkybox":true,"showFlares":true,"showImageEffects":true,"showParticleSystems":true},"in2DMode":false,"pivot":{"x":-150.03826904296876,"y":66.1551284790039,"z":-14.827348709106446},"rotation":{"x":-0.17457102239131928,"y":-0.660139262676239,"z":0.16178485751152039,"w":-0.7124913930892944},"size":2.3010966777801515,"orthographic":false}