{"cameraMode":{"drawMode":0,"name":"Shaded","section":"Shading Mode"},"sceneLighting":false,"audioPlay":false,"sceneViewState":{"showFog":true,"showMaterialUpdate":true,"showSkybox":false,"showFlares":true,"showImageEffects":true,"showParticleSystems":true},"in2DMode":false,"pivot":{"x":6.70428466796875,"y":-16.835235595703126,"z":35385.734375},"rotation":{"x":0.0902940109372139,"y":0.05665650963783264,"z":-0.004491080529987812,"w":0.9944161772727966},"size":6018.4375,"orthographic":false}