{"cameraMode":{"drawMode":0,"name":"Shaded","section":"Shading Mode"},"sceneLighting":false,"audioPlay":false,"sceneViewState":{"showFog":true,"showMaterialUpdate":true,"showSkybox":false,"showFlares":true,"showImageEffects":true,"showParticleSystems":true},"in2DMode":false,"pivot":{"x":-4.844383239746094,"y":-0.6351985931396484,"z":-1.6901015043258668},"rotation":{"x":0.0626523345708847,"y":0.7141075730323792,"z":-0.06444284319877625,"w":0.6942468881607056},"size":23.45076560974121,"orthographic":false}