{"cameraMode":{"drawMode":0,"name":"Shaded","section":"Shading Mode"},"sceneLighting":true,"audioPlay":false,"sceneViewState":{"showFog":true,"showMaterialUpdate":true,"showSkybox":true,"showFlares":true,"showImageEffects":true,"showParticleSystems":true},"in2DMode":false,"pivot":{"x":-3.6783485412597658,"y":3.863842010498047,"z":1.3682060241699219},"rotation":{"x":0.04275113716721535,"y":-0.8809003233909607,"z":0.08110334724187851,"w":0.46433955430984499},"size":51.83708953857422,"orthographic":false}