{"cameraMode":{"drawMode":0,"name":"Shaded","section":"Shading Mode"},"sceneLighting":true,"audioPlay":false,"sceneViewState":{"showFog":true,"showMaterialUpdate":true,"showSkybox":true,"showFlares":true,"showImageEffects":true,"showParticleSystems":true},"in2DMode":false,"pivot":{"x":-192.3585205078125,"y":14.27154541015625,"z":404.87646484375},"rotation":{"x":0.07038258016109467,"y":-0.885280191898346,"z":0.14218471944332124,"w":0.4373844563961029},"size":2411.049560546875,"orthographic":false}