{"cameraMode":{"drawMode":0,"name":"Shaded","section":"Shading Mode"},"sceneLighting":true,"audioPlay":true,"sceneViewState":{"showFog":true,"showMaterialUpdate":true,"showSkybox":true,"showFlares":true,"showImageEffects":true,"showParticleSystems":true},"in2DMode":false,"pivot":{"x":375.0999755859375,"y":-124.54248046875,"z":-392.55419921875},"rotation":{"x":0.1638868898153305,"y":0.6625280380249023,"z":-0.15184636414051057,"w":0.7150130271911621},"size":2446.053955078125,"orthographic":false}