{"cameraMode":{"drawMode":0,"name":"Shaded","section":"Shading Mode"},"sceneLighting":true,"audioPlay":false,"sceneViewState":{"showFog":true,"showMaterialUpdate":true,"showSkybox":true,"showFlares":true,"showImageEffects":true,"showParticleSystems":true},"in2DMode":false,"pivot":{"x":0.17681241035461427,"y":1.4912021160125733,"z":-1.7313356399536133},"rotation":{"x":0.06996561586856842,"y":0.24868659675121308,"z":-0.01801193319261074,"w":0.9658925533294678},"size":5.880366325378418,"orthographic":false}