{"cameraMode":{"drawMode":0,"name":"Shaded","section":"Shading Mode"},"sceneLighting":true,"audioPlay":false,"sceneViewState":{"showFog":true,"showMaterialUpdate":true,"showSkybox":true,"showFlares":true,"showImageEffects":true,"showParticleSystems":true},"in2DMode":false,"pivot":{"x":8.3697509765625,"y":40.01805114746094,"z":144.16127014160157},"rotation":{"x":0.049134161323308948,"y":0.11753156036138535,"z":-0.005845055449754,"w":0.9918526411056519},"size":150.75550842285157,"orthographic":false}