{"cameraMode":{"drawMode":0,"name":"Shaded","section":"Shading Mode"},"sceneLighting":false,"audioPlay":false,"sceneViewState":{"showFog":true,"showMaterialUpdate":true,"showSkybox":false,"showFlares":true,"showImageEffects":true,"showParticleSystems":true},"in2DMode":false,"pivot":{"x":83.05329132080078,"y":140.38087463378907,"z":540.8724365234375},"rotation":{"x":0.018527332693338395,"y":0.967544674873352,"z":-0.24077551066875459,"w":0.07445026189088822},"size":22.0,"orthographic":false}