{"cameraMode":{"drawMode":0,"name":"Shaded","section":"Shading Mode"},"sceneLighting":true,"audioPlay":false,"sceneViewState":{"showFog":true,"showMaterialUpdate":true,"showSkybox":true,"showFlares":true,"showImageEffects":true,"showParticleSystems":true},"in2DMode":false,"pivot":{"x":-275.8837890625,"y":172.93753051757813,"z":10844.009765625},"rotation":{"x":-0.034930359572172168,"y":0.8867721557617188,"z":0.06797600537538529,"w":0.4558701813220978},"size":5.134756088256836,"orthographic":false}