{"cameraMode":{"drawMode":0,"name":"Shaded","section":"Shading Mode"},"sceneLighting":true,"audioPlay":true,"sceneViewState":{"showFog":true,"showMaterialUpdate":true,"showSkybox":true,"showFlares":true,"showImageEffects":true,"showParticleSystems":true},"in2DMode":false,"pivot":{"x":-911.447998046875,"y":2.5549397468566896,"z":-5.087706565856934},"rotation":{"x":0.026272494345903398,"y":-0.9230285286903381,"z":0.06407743692398071,"w":0.37845173478126528},"size":3017.852294921875,"orthographic":false}