{"cameraMode":{"drawMode":0,"name":"Shaded","section":"Shading Mode"},"sceneLighting":true,"audioPlay":true,"sceneViewState":{"showFog":true,"showMaterialUpdate":true,"showSkybox":true,"showFlares":true,"showImageEffects":true,"showParticleSystems":true},"in2DMode":false,"pivot":{"x":-2.8726401329040529,"y":-0.8539361953735352,"z":6.336768627166748},"rotation":{"x":0.05632083863019943,"y":-0.82984459400177,"z":0.08519858866930008,"w":0.5485716462135315},"size":11.361568450927735,"orthographic":false}