{"cameraMode":{"drawMode":0,"name":"Shaded","section":"Shading Mode"},"sceneLighting":true,"audioPlay":false,"sceneViewState":{"showFog":true,"showMaterialUpdate":true,"showSkybox":true,"showFlares":true,"showImageEffects":true,"showParticleSystems":true},"in2DMode":false,"pivot":{"x":-5.733843803405762,"y":1.3522896766662598,"z":12.657696723937989},"rotation":{"x":0.08612795919179917,"y":0.8241285085678101,"z":-0.1303749680519104,"w":0.5444257259368897},"size":22.0,"orthographic":false}