{"cameraMode":{"drawMode":0,"name":"Shaded","section":"Shading Mode"},"sceneLighting":true,"audioPlay":false,"sceneViewState":{"showFog":true,"showMaterialUpdate":true,"showSkybox":true,"showFlares":true,"showImageEffects":true,"showParticleSystems":true},"in2DMode":false,"pivot":{"x":-5.1964545249938969,"y":1.2072341442108155,"z":-4.128474235534668},"rotation":{"x":0.20506082475185395,"y":0.1966628134250641,"z":-0.04210180789232254,"w":0.9578636288642883},"size":48.65473556518555,"orthographic":true}