{"cameraMode":{"drawMode":0,"name":"Shaded","section":"Shading Mode"},"sceneLighting":true,"audioPlay":false,"sceneViewState":{"showFog":true,"showMaterialUpdate":true,"showSkybox":true,"showFlares":true,"showImageEffects":true,"showParticleSystems":true},"in2DMode":false,"pivot":{"x":288.9717712402344,"y":-294.25244140625,"z":10153.07421875},"rotation":{"x":0.301902711391449,"y":-0.11456387490034104,"z":0.03657616302371025,"w":0.9457347393035889},"size":1132.00830078125,"orthographic":false}