{"cameraMode":{"drawMode":0,"name":"Shaded","section":"Shading Mode"},"sceneLighting":true,"audioPlay":false,"sceneViewState":{"showFog":true,"showMaterialUpdate":true,"showSkybox":true,"showFlares":true,"showImageEffects":true,"showParticleSystems":true},"in2DMode":false,"pivot":{"x":-1242.9776611328125,"y":4.943115234375,"z":307.62554931640627},"rotation":{"x":0.19386278092861176,"y":-0.5339695811271668,"z":0.12721392512321473,"w":0.8131126165390015},"size":1571.1187744140625,"orthographic":false}