{"cameraMode":{"drawMode":0,"name":"Shaded","section":"Shading Mode"},"sceneLighting":false,"audioPlay":false,"sceneViewState":{"showFog":true,"showMaterialUpdate":true,"showSkybox":false,"showFlares":true,"showImageEffects":true,"showParticleSystems":true},"in2DMode":false,"pivot":{"x":5.403076171875,"y":53.720088958740237,"z":119.95276641845703},"rotation":{"x":0.14755648374557496,"y":-0.5684046745300293,"z":0.10449546575546265,"w":0.8026363253593445},"size":594.7539672851563,"orthographic":false}