{"cameraMode":{"drawMode":0,"name":"Shaded","section":"Shading Mode"},"sceneLighting":true,"audioPlay":false,"sceneViewState":{"showFog":true,"showMaterialUpdate":true,"showSkybox":true,"showFlares":true,"showImageEffects":true,"showParticleSystems":true},"in2DMode":false,"pivot":{"x":-336.90106201171877,"y":-161.42193603515626,"z":239.0229949951172},"rotation":{"x":-0.08899051696062088,"y":0.7162154316902161,"z":-0.09289779514074326,"w":-0.6859326958656311},"size":1862.58544921875,"orthographic":false}