{"cameraMode":{"drawMode":0,"name":"Shaded","section":"Shading Mode"},"sceneLighting":false,"audioPlay":false,"sceneViewState":{"showFog":true,"showMaterialUpdate":true,"showSkybox":false,"showFlares":true,"showImageEffects":true,"showParticleSystems":true},"in2DMode":false,"pivot":{"x":-44.42999267578125,"y":30.48199462890625,"z":-31.7039794921875},"rotation":{"x":0.25213488936424258,"y":-0.14818714559078217,"z":0.039107274264097217,"w":0.9554862976074219},"size":4001.037353515625,"orthographic":false}