{"cameraMode":{"drawMode":0,"name":"Shaded","section":"Shading Mode"},"sceneLighting":true,"audioPlay":false,"sceneViewState":{"showFog":true,"showMaterialUpdate":false,"showSkybox":true,"showFlares":true,"showImageEffects":true,"showParticleSystems":true},"in2DMode":false,"pivot":{"x":570.3889770507813,"y":-89.82225036621094,"z":-2.70806884765625},"rotation":{"x":-0.1927230805158615,"y":-0.11539369076490402,"z":0.022828513756394388,"w":-0.9741770625114441},"size":599.70556640625,"orthographic":false}