{"cameraMode":{"drawMode":0,"name":"Shaded","section":"Shading Mode"},"sceneLighting":false,"audioPlay":false,"sceneViewState":{"showFog":true,"showMaterialUpdate":true,"showSkybox":false,"showFlares":true,"showImageEffects":true,"showParticleSystems":true},"in2DMode":false,"pivot":{"x":0.0,"y":5.449999809265137,"z":2.9901905059814455},"rotation":{"x":0.074886754155159,"y":-0.19906538724899293,"z":0.015258274972438813,"w":0.9770015478134155},"size":28.749412536621095,"orthographic":true}