{"cameraMode":{"drawMode":0,"name":"Shaded","section":"Shading Mode"},"sceneLighting":true,"audioPlay":false,"sceneViewState":{"showFog":true,"showMaterialUpdate":true,"showSkybox":false,"showFlares":true,"showImageEffects":true,"showParticleSystems":true},"in2DMode":false,"pivot":{"x":1.1851294040679932,"y":-2.7707903385162355,"z":3.322131872177124},"rotation":{"x":0.27980828285217287,"y":0.1415257751941681,"z":-0.04184810444712639,"w":0.9487488865852356},"size":10.758465766906739,"orthographic":false}