{"cameraMode":{"drawMode":0,"name":"Shaded","section":"Shading Mode"},"sceneLighting":true,"audioPlay":false,"sceneViewState":{"showFog":true,"showMaterialUpdate":true,"showSkybox":true,"showFlares":true,"showImageEffects":true,"showParticleSystems":true},"in2DMode":false,"pivot":{"x":-3.3975181579589845,"y":-4.371273040771484,"z":-0.7321491241455078},"rotation":{"x":-0.15420390665531159,"y":0.6015344858169556,"z":-0.11974587291479111,"w":-0.7746238112449646},"size":20.230863571166993,"orthographic":false}