{"cameraMode":{"drawMode":0,"name":"Shaded","section":"Shading Mode"},"sceneLighting":true,"audioPlay":false,"sceneViewState":{"showFog":true,"showMaterialUpdate":true,"showSkybox":true,"showFlares":true,"showImageEffects":true,"showParticleSystems":true},"in2DMode":false,"pivot":{"x":-10.068595886230469,"y":-2.073756456375122,"z":30.655948638916017},"rotation":{"x":0.05620204284787178,"y":-0.2921540439128876,"z":0.01720302551984787,"w":0.9545706510543823},"size":44.96883773803711,"orthographic":false}