{"cameraMode":{"drawMode":0,"name":"Shaded","section":"Shading Mode"},"sceneLighting":false,"audioPlay":false,"sceneViewState":{"showFog":true,"showMaterialUpdate":false,"showSkybox":false,"showFlares":true,"showImageEffects":true,"showParticleSystems":true},"in2DMode":false,"pivot":{"x":-0.39882737398147585,"y":0.009496711194515229,"z":-0.026082158088684083},"rotation":{"x":-0.17936810851097108,"y":-0.6654435396194458,"z":0.16942651569843293,"w":-0.7044910192489624},"size":3.1701102256774904,"orthographic":false}