{"cameraMode":{"drawMode":0,"name":"Shaded","section":"Shading Mode"},"sceneLighting":true,"audioPlay":true,"sceneViewState":{"showFog":true,"showMaterialUpdate":true,"showSkybox":true,"showFlares":true,"showImageEffects":true,"showParticleSystems":true},"in2DMode":false,"pivot":{"x":-430.3519287109375,"y":-257.26800537109377,"z":-597.3312377929688},"rotation":{"x":-0.007192365825176239,"y":-0.901018500328064,"z":0.015193295665085316,"w":-0.4336821436882019},"size":1622.40576171875,"orthographic":false}