{"cameraMode":{"drawMode":0,"name":"Shaded","section":"Shading Mode"},"sceneLighting":true,"audioPlay":false,"sceneViewState":{"showFog":true,"showMaterialUpdate":true,"showSkybox":true,"showFlares":true,"showImageEffects":true,"showParticleSystems":true},"in2DMode":false,"pivot":{"x":-1.0302581787109376,"y":0.16843605041503907,"z":0.08507919311523438},"rotation":{"x":0.07739803194999695,"y":-0.8813320398330689,"z":0.1551998406648636,"w":0.4395199120044708},"size":45.51683807373047,"orthographic":false}