{"cameraMode":{"drawMode":0,"name":"Shaded","section":"Shading Mode"},"sceneLighting":true,"audioPlay":true,"sceneViewState":{"showFog":true,"showMaterialUpdate":true,"showSkybox":true,"showFlares":true,"showImageEffects":true,"showParticleSystems":true},"in2DMode":false,"pivot":{"x":0.06873869895935059,"y":-0.040629565715789798,"z":-1.7639353275299073},"rotation":{"x":0.026272494345903398,"y":-0.9230285286903381,"z":0.06407743692398071,"w":0.37845173478126528},"size":4.87340784072876,"orthographic":false}