{"cameraMode":{"drawMode":0,"name":"Shaded","section":"Shading Mode"},"sceneLighting":false,"audioPlay":false,"sceneViewState":{"showFog":true,"showMaterialUpdate":true,"showSkybox":false,"showFlares":true,"showImageEffects":true,"showParticleSystems":true},"in2DMode":false,"pivot":{"x":0.061256758868694308,"y":1.4594355821609498,"z":-0.5756717920303345},"rotation":{"x":0.10767543315887451,"y":0.5426416993141174,"z":-0.0703924372792244,"w":0.8300577402114868},"size":6.9061689376831059,"orthographic":false}