{"cameraMode":{"drawMode":0,"name":"Shaded","section":"Shading Mode"},"sceneLighting":true,"audioPlay":false,"sceneViewState":{"showFog":true,"showMaterialUpdate":true,"showSkybox":true,"showFlares":true,"showImageEffects":true,"showParticleSystems":true},"in2DMode":false,"pivot":{"x":-1.0302581787109376,"y":0.16843605041503907,"z":0.08507919311523438},"rotation":{"x":0.14755648374557496,"y":-0.5684046745300293,"z":0.10449546575546265,"w":0.8026363253593445},"size":34.5296630859375,"orthographic":false}