{"cameraMode":{"drawMode":0,"name":"Shaded","section":"Shading Mode"},"sceneLighting":true,"audioPlay":false,"sceneViewState":{"showFog":true,"showMaterialUpdate":true,"showSkybox":true,"showFlares":true,"showImageEffects":true,"showParticleSystems":true},"in2DMode":false,"pivot":{"x":-1.4969342947006226,"y":5.922952175140381,"z":-11.523927688598633},"rotation":{"x":0.35930177569389346,"y":0.03637801483273506,"z":-0.014017915353178978,"w":0.9324148297309876},"size":6.4803667068481449,"orthographic":false}