{"cameraMode":{"drawMode":0,"name":"Shaded","section":"Shading Mode"},"sceneLighting":true,"audioPlay":false,"sceneViewState":{"showFog":true,"showMaterialUpdate":true,"showSkybox":true,"showFlares":true,"showImageEffects":true,"showParticleSystems":true},"in2DMode":false,"pivot":{"x":3.9050121307373049,"y":150.83840942382813,"z":30298.71875},"rotation":{"x":0.12497676908969879,"y":-0.6564857363700867,"z":0.11154630780220032,"w":0.7355073690414429},"size":19367.806640625,"orthographic":false}