{"cameraMode":{"drawMode":0,"name":"Shaded","section":"Shading Mode"},"sceneLighting":true,"audioPlay":false,"sceneViewState":{"showFog":true,"showMaterialUpdate":true,"showSkybox":true,"showFlares":true,"showImageEffects":true,"showParticleSystems":true},"in2DMode":false,"pivot":{"x":8.082710266113282,"y":40.0167236328125,"z":145.48580932617188},"rotation":{"x":0.15555667877197267,"y":0.12650737166404725,"z":-0.020116839557886125,"w":0.9795025587081909},"size":393.16510009765627,"orthographic":false}