{"cameraMode":{"drawMode":0,"name":"Shaded","section":"Shading Mode"},"sceneLighting":false,"audioPlay":false,"sceneViewState":{"showFog":true,"showMaterialUpdate":true,"showSkybox":false,"showFlares":true,"showImageEffects":true,"showParticleSystems":true},"in2DMode":false,"pivot":{"x":-7.985690593719482,"y":13.393187522888184,"z":0.8002510070800781},"rotation":{"x":0.2349666804075241,"y":0.4799478352069855,"z":-0.13515889644622804,"w":0.8343728184700012},"size":296.75634765625,"orthographic":false}