{"cameraMode":{"drawMode":0,"name":"Shaded","section":"Shading Mode"},"sceneLighting":true,"audioPlay":false,"sceneViewState":{"showFog":true,"showMaterialUpdate":true,"showSkybox":true,"showFlares":true,"showImageEffects":true,"showParticleSystems":true},"in2DMode":false,"pivot":{"x":0.42968177795410159,"y":5.60206413269043,"z":3.410980224609375},"rotation":{"x":0.061308253556489947,"y":0.9004446864128113,"z":-0.13499204814434052,"w":0.4089386463165283},"size":26.119211196899415,"orthographic":false}