{"cameraMode":{"drawMode":0,"name":"Shaded","section":"Shading Mode"},"sceneLighting":true,"audioPlay":false,"sceneViewState":{"showFog":true,"showMaterialUpdate":true,"showSkybox":true,"showFlares":true,"showImageEffects":true,"showParticleSystems":true},"in2DMode":false,"pivot":{"x":153.3293914794922,"y":-15.412094116210938,"z":9811.4599609375},"rotation":{"x":0.19694744050502778,"y":0.379519522190094,"z":-0.08303576707839966,"w":0.9001569747924805},"size":452.36480712890627,"orthographic":false}