{"cameraMode":{"drawMode":0,"name":"Shaded","section":"Shading Mode"},"sceneLighting":true,"audioPlay":true,"sceneViewState":{"showFog":true,"showMaterialUpdate":true,"showSkybox":true,"showFlares":true,"showImageEffects":true,"showParticleSystems":true},"in2DMode":false,"pivot":{"x":1.2963190078735352,"y":-0.34150052070617678,"z":3.9656460285186769},"rotation":{"x":0.11814151704311371,"y":-0.2760978043079376,"z":0.03421909362077713,"w":0.953228771686554},"size":9.464433670043946,"orthographic":false}