{"cameraMode":{"drawMode":0,"name":"Shaded","section":"Shading Mode"},"sceneLighting":true,"audioPlay":false,"sceneViewState":{"showFog":true,"showMaterialUpdate":true,"showSkybox":true,"showFlares":true,"showImageEffects":true,"showParticleSystems":true},"in2DMode":false,"pivot":{"x":-2114.305419921875,"y":-912.746337890625,"z":20718.65625},"rotation":{"x":-0.19010694324970246,"y":0.3900381326675415,"z":-0.08264831453561783,"w":-0.8971618413925171},"size":5435.47021484375,"orthographic":false}