{"cameraMode":{"drawMode":0,"name":"Shaded","section":"Shading Mode"},"sceneLighting":true,"audioPlay":false,"sceneViewState":{"showFog":true,"showMaterialUpdate":true,"showSkybox":true,"showFlares":true,"showImageEffects":true,"showParticleSystems":true},"in2DMode":false,"pivot":{"x":1553.1258544921875,"y":-794.2764892578125,"z":9604.75},"rotation":{"x":-0.04878394305706024,"y":0.9263075590133667,"z":-0.12929201126098634,"w":-0.3505181670188904},"size":93.35169982910156,"orthographic":false}