{"cameraMode":{"drawMode":0,"name":"Shaded","section":"Shading Mode"},"sceneLighting":false,"audioPlay":false,"sceneViewState":{"showFog":true,"showMaterialUpdate":false,"showSkybox":false,"showFlares":true,"showImageEffects":true,"showParticleSystems":true},"in2DMode":false,"pivot":{"x":-1.274794578552246,"y":334.712158203125,"z":-48.749412536621097},"rotation":{"x":-0.1191030964255333,"y":0.7809620499610901,"z":-0.15693575143814088,"w":-0.5927048325538635},"size":70.33722686767578,"orthographic":false}