{"cameraMode":{"drawMode":0,"name":"Shaded","section":"Shading Mode"},"sceneLighting":false,"audioPlay":false,"sceneViewState":{"showFog":true,"showMaterialUpdate":true,"showSkybox":false,"showFlares":true,"showImageEffects":true,"showParticleSystems":true},"in2DMode":false,"pivot":{"x":0.020454779267311097,"y":4.989406108856201,"z":2.370573043823242},"rotation":{"x":0.005182281602174044,"y":0.9492633938789368,"z":-0.3140491843223572,"w":0.015664266422390939},"size":28.749412536621095,"orthographic":true}