{"cameraMode":{"drawMode":0,"name":"Shaded","section":"Shading Mode"},"sceneLighting":false,"audioPlay":false,"sceneViewState":{"showFog":true,"showMaterialUpdate":false,"showSkybox":false,"showFlares":true,"showImageEffects":true,"showParticleSystems":true},"in2DMode":false,"pivot":{"x":-5.59315824508667,"y":0.9767008423805237,"z":11.253103256225586},"rotation":{"x":0.005946362391114235,"y":0.6482502818107605,"z":-0.00506227184087038,"w":0.7613877058029175},"size":65.49439239501953,"orthographic":false}