{"cameraMode":{"drawMode":0,"name":"Shaded","section":"Shading Mode"},"sceneLighting":true,"audioPlay":false,"sceneViewState":{"showFog":true,"showMaterialUpdate":true,"showSkybox":true,"showFlares":true,"showImageEffects":true,"showParticleSystems":true},"in2DMode":false,"pivot":{"x":9.60647964477539,"y":-9.378411293029786,"z":126.53996276855469},"rotation":{"x":-0.33755823969841006,"y":-0.05784071236848831,"z":0.0207875594496727,"w":-0.9392979145050049},"size":606.1611938476563,"orthographic":false}