{"cameraMode":{"drawMode":0,"name":"Shaded","section":"Shading Mode"},"sceneLighting":true,"audioPlay":false,"sceneViewState":{"showFog":true,"showMaterialUpdate":true,"showSkybox":true,"showFlares":true,"showImageEffects":true,"showParticleSystems":true},"in2DMode":false,"pivot":{"x":-604.414794921875,"y":-239.69927978515626,"z":30968.34375},"rotation":{"x":-0.1903683841228485,"y":0.3781466782093048,"z":-0.07976806163787842,"w":-0.9024510979652405},"size":7061.2861328125,"orthographic":false}