{"cameraMode":{"drawMode":0,"name":"Shaded","section":"Shading Mode"},"sceneLighting":true,"audioPlay":false,"sceneViewState":{"showFog":true,"showMaterialUpdate":true,"showSkybox":true,"showFlares":true,"showImageEffects":true,"showParticleSystems":true},"in2DMode":false,"pivot":{"x":1938.0755615234375,"y":175.63284301757813,"z":6460.4033203125},"rotation":{"x":-0.008235474117100239,"y":0.9705690741539002,"z":0.033495161682367328,"w":0.23838625848293305},"size":4721.86865234375,"orthographic":false}