{"cameraMode":{"drawMode":0,"name":"Shaded","section":"Shading Mode"},"sceneLighting":true,"audioPlay":false,"sceneViewState":{"showFog":true,"showMaterialUpdate":true,"showSkybox":true,"showFlares":true,"showImageEffects":true,"showParticleSystems":true},"in2DMode":false,"pivot":{"x":953.9583740234375,"y":642.0903930664063,"z":0.0},"rotation":{"x":0.0916731208562851,"y":0.15912126004695893,"z":-0.014840921387076378,"w":0.9828839302062988},"size":1451.206787109375,"orthographic":false}