{"cameraMode":{"drawMode":0,"name":"Shaded","section":"Shading Mode"},"sceneLighting":true,"audioPlay":false,"sceneViewState":{"showFog":true,"showMaterialUpdate":true,"showSkybox":true,"showFlares":true,"showImageEffects":true,"showParticleSystems":true},"in2DMode":false,"pivot":{"x":23.370468139648439,"y":-9.066116333007813,"z":-19.82672119140625},"rotation":{"x":0.04622191935777664,"y":0.8071189522743225,"z":-0.063746877014637,"w":0.5851144790649414},"size":96.6708755493164,"orthographic":false}