{"cameraMode":{"drawMode":0,"name":"Shaded","section":"Shading Mode"},"sceneLighting":true,"audioPlay":false,"sceneViewState":{"showFog":true,"showMaterialUpdate":true,"showSkybox":true,"showFlares":true,"showImageEffects":true,"showParticleSystems":true},"in2DMode":false,"pivot":{"x":-137.0,"y":76.22999572753906,"z":349.739990234375},"rotation":{"x":-0.23985977470874787,"y":-0.4215725362300873,"z":0.11667942255735398,"w":-0.8666841387748718},"size":322.7312927246094,"orthographic":false}