{"cameraMode":{"drawMode":0,"name":"Shaded","section":"Shading Mode"},"sceneLighting":true,"audioPlay":false,"sceneViewState":{"showFog":true,"showMaterialUpdate":true,"showSkybox":true,"showFlares":true,"showImageEffects":true,"showParticleSystems":true},"in2DMode":false,"pivot":{"x":226.33233642578126,"y":237.2744903564453,"z":586.2987060546875},"rotation":{"x":0.061308253556489947,"y":0.9004446864128113,"z":-0.13499204814434052,"w":0.4089386463165283},"size":4060.810546875,"orthographic":false}