{"cameraMode":{"drawMode":0,"name":"Shaded","section":"Shading Mode"},"sceneLighting":true,"audioPlay":false,"sceneViewState":{"showFog":true,"showMaterialUpdate":true,"showSkybox":true,"showFlares":true,"showImageEffects":true,"showParticleSystems":true},"in2DMode":false,"pivot":{"x":226.33233642578126,"y":237.2744903564453,"z":586.2987060546875},"rotation":{"x":-0.04362064227461815,"y":0.4815466105937958,"z":-0.024003896862268449,"w":-0.8750120401382446},"size":37.26186752319336,"orthographic":false}