{"cameraMode":{"drawMode":0,"name":"Shaded","section":"Shading Mode"},"sceneLighting":true,"audioPlay":false,"sceneViewState":{"showFog":true,"showMaterialUpdate":true,"showSkybox":true,"showFlares":true,"showImageEffects":true,"showParticleSystems":true},"in2DMode":false,"pivot":{"x":-165.4638214111328,"y":-401.855224609375,"z":20901.6328125},"rotation":{"x":-0.24284948408603669,"y":-0.715563952922821,"z":0.2979126572608948,"w":-0.5833289623260498},"size":33.980716705322269,"orthographic":false}