{"cameraMode":{"drawMode":0,"name":"Shaded","section":"Shading Mode"},"sceneLighting":false,"audioPlay":false,"sceneViewState":{"showFog":true,"showMaterialUpdate":true,"showSkybox":false,"showFlares":true,"showImageEffects":true,"showParticleSystems":true},"in2DMode":false,"pivot":{"x":-54.10856628417969,"y":125.20120239257813,"z":145.3815155029297},"rotation":{"x":-0.4518674910068512,"y":-0.31997671723365786,"z":0.1777251660823822,"w":-0.8135486841201782},"size":247.3704833984375,"orthographic":false}