{"cameraMode":{"drawMode":0,"name":"Shaded","section":"Shading Mode"},"sceneLighting":true,"audioPlay":false,"sceneViewState":{"showFog":true,"showMaterialUpdate":true,"showSkybox":true,"showFlares":true,"showImageEffects":true,"showParticleSystems":true},"in2DMode":false,"pivot":{"x":1.6171557903289796,"y":-4.9751482009887699,"z":1.8859421014785767},"rotation":{"x":-0.10793658345937729,"y":0.8805139660835266,"z":-0.24170051515102387,"w":-0.39323556423187258},"size":7.533703327178955,"orthographic":false}