{"cameraMode":{"drawMode":0,"name":"Shaded","section":"Shading Mode"},"sceneLighting":true,"audioPlay":false,"sceneViewState":{"showFog":true,"showMaterialUpdate":true,"showSkybox":true,"showFlares":true,"showImageEffects":true,"showParticleSystems":true},"in2DMode":false,"pivot":{"x":-1778.5230712890625,"y":1.4981346130371094,"z":-11.74627685546875},"rotation":{"x":0.04038789123296738,"y":0.9502714276313782,"z":-0.1392485648393631,"w":0.2756188213825226},"size":25.015094757080079,"orthographic":false}