{"cameraMode":{"drawMode":0,"name":"Shaded","section":"Shading Mode"},"sceneLighting":true,"audioPlay":false,"sceneViewState":{"showFog":true,"showMaterialUpdate":true,"showSkybox":false,"showFlares":true,"showImageEffects":true,"showParticleSystems":true},"in2DMode":false,"pivot":{"x":-0.3429999351501465,"y":-0.09750008583068848,"z":0.0},"rotation":{"x":0.12394283711910248,"y":-0.39219167828559878,"z":0.05327954888343811,"w":0.9100447297096252},"size":9.851848602294922,"orthographic":false}