{"cameraMode":{"drawMode":0,"name":"Shaded","section":"Shading Mode"},"sceneLighting":true,"audioPlay":false,"sceneViewState":{"showFog":true,"showMaterialUpdate":true,"showSkybox":true,"showFlares":true,"showImageEffects":true,"showParticleSystems":true},"in2DMode":false,"pivot":{"x":-1516.0001220703125,"y":-289.91192626953127,"z":185.6913604736328},"rotation":{"x":-0.18454281985759736,"y":-0.5760989189147949,"z":-0.13547870516777039,"w":0.784702479839325},"size":18.664350509643556,"orthographic":false}