{"cameraMode":{"drawMode":0,"name":"Shaded","section":"Shading Mode"},"sceneLighting":false,"audioPlay":false,"sceneViewState":{"showFog":true,"showMaterialUpdate":true,"showSkybox":false,"showFlares":true,"showImageEffects":true,"showParticleSystems":true},"in2DMode":false,"pivot":{"x":1.1908451318740845,"y":1.6328157186508179,"z":16.99997329711914},"rotation":{"x":0.051203660666942599,"y":0.937953531742096,"z":-0.15765510499477387,"w":0.30468031764030459},"size":31.792329788208009,"orthographic":false}