{"cameraMode":{"drawMode":0,"name":"Shaded","section":"Shading Mode"},"sceneLighting":false,"audioPlay":false,"sceneViewState":{"showFog":true,"showMaterialUpdate":true,"showSkybox":false,"showFlares":true,"showImageEffects":true,"showParticleSystems":true},"in2DMode":false,"pivot":{"x":-1.2248318195343018,"y":0.6858720779418945,"z":-0.47304412722587588},"rotation":{"x":0.10874313861131668,"y":0.8591843247413635,"z":-0.2048255056142807,"w":0.4561651647090912},"size":38.22159957885742,"orthographic":false}