{"cameraMode":{"drawMode":0,"name":"Shaded","section":"Shading Mode"},"sceneLighting":true,"audioPlay":false,"sceneViewState":{"showFog":true,"showMaterialUpdate":true,"showSkybox":true,"showFlares":true,"showImageEffects":true,"showParticleSystems":true},"in2DMode":false,"pivot":{"x":-2327.864501953125,"y":-247.3353729248047,"z":2905.51708984375},"rotation":{"x":-0.0352538637816906,"y":0.2015705406665802,"z":-0.007252175360918045,"w":-0.978834867477417},"size":108.43270874023438,"orthographic":false}