{"cameraMode":{"drawMode":0,"name":"Shaded","section":"Shading Mode"},"sceneLighting":true,"audioPlay":false,"sceneViewState":{"showFog":true,"showMaterialUpdate":true,"showSkybox":true,"showFlares":true,"showImageEffects":true,"showParticleSystems":true},"in2DMode":false,"pivot":{"x":-55.44572448730469,"y":-207.03952026367188,"z":39.374847412109378},"rotation":{"x":-0.0398038774728775,"y":-0.8817036747932434,"z":-0.07552679628133774,"w":0.4640837013721466},"size":339.0184326171875,"orthographic":false}