{"cameraMode":{"drawMode":0,"name":"Shaded","section":"Shading Mode"},"sceneLighting":true,"audioPlay":false,"sceneViewState":{"showFog":true,"showMaterialUpdate":true,"showSkybox":true,"showFlares":true,"showImageEffects":true,"showParticleSystems":true},"in2DMode":false,"pivot":{"x":74.79671478271485,"y":106.92845153808594,"z":168.60787963867188},"rotation":{"x":0.012022962793707848,"y":0.8816781640052795,"z":-0.022484878078103067,"w":0.47117963433265688},"size":100.7206039428711,"orthographic":false}