{"cameraMode":{"drawMode":0,"name":"Shaded","section":"Shading Mode"},"sceneLighting":true,"audioPlay":false,"sceneViewState":{"showFog":true,"showMaterialUpdate":true,"showSkybox":true,"showFlares":true,"showImageEffects":true,"showParticleSystems":true},"in2DMode":false,"pivot":{"x":1086.69677734375,"y":482.69439697265627,"z":-311.9537353515625},"rotation":{"x":0.1871967762708664,"y":-0.2785692512989044,"z":0.055454421788454059,"w":0.9403623938560486},"size":2044.3275146484375,"orthographic":false}