{"cameraMode":{"drawMode":0,"name":"Shaded","section":"Shading Mode"},"sceneLighting":false,"audioPlay":false,"sceneViewState":{"showFog":true,"showMaterialUpdate":true,"showSkybox":false,"showFlares":true,"showImageEffects":true,"showParticleSystems":true},"in2DMode":false,"pivot":{"x":1016.58837890625,"y":602.9412231445313,"z":-103.99551391601563},"rotation":{"x":0.16414397954940797,"y":-0.43951448798179629,"z":0.08194682747125626,"w":0.8793572187423706},"size":142.8942413330078,"orthographic":false}