{"cameraMode":{"drawMode":0,"name":"Shaded","section":"Shading Mode"},"sceneLighting":true,"audioPlay":false,"sceneViewState":{"showFog":true,"showMaterialUpdate":true,"showSkybox":true,"showFlares":true,"showImageEffects":true,"showParticleSystems":true},"in2DMode":false,"pivot":{"x":4.604084491729736,"y":-202.17083740234376,"z":0.4835786819458008},"rotation":{"x":-0.22096996009349824,"y":0.13343185186386109,"z":0.030769770964980127,"w":0.96571946144104},"size":5.26331090927124,"orthographic":false}