{"cameraMode":{"drawMode":0,"name":"Shaded","section":"Shading Mode"},"sceneLighting":true,"audioPlay":false,"sceneViewState":{"showFog":true,"showMaterialUpdate":true,"showSkybox":true,"showFlares":true,"showImageEffects":true,"showParticleSystems":true},"in2DMode":false,"pivot":{"x":-3502.140869140625,"y":16.531951904296876,"z":-1411.3524169921875},"rotation":{"x":-0.012577814981341362,"y":-0.8005512952804565,"z":-0.016814809292554857,"w":0.5989084243774414},"size":4041.27783203125,"orthographic":false}