{"cameraMode":{"drawMode":0,"name":"Shaded","section":"Shading Mode"},"sceneLighting":true,"audioPlay":false,"sceneViewState":{"showFog":true,"showMaterialUpdate":true,"showSkybox":true,"showFlares":true,"showImageEffects":true,"showParticleSystems":true},"in2DMode":false,"pivot":{"x":-1038.9691162109375,"y":-68.0748062133789,"z":1736.4970703125},"rotation":{"x":-0.002426507417112589,"y":-0.9968977570533752,"z":-0.07187396287918091,"w":0.032917410135269168},"size":18.664350509643556,"orthographic":false}