{"cameraMode":{"drawMode":0,"name":"Shaded","section":"Shading Mode"},"sceneLighting":true,"audioPlay":false,"sceneViewState":{"showFog":true,"showMaterialUpdate":true,"showSkybox":true,"showFlares":true,"showImageEffects":true,"showParticleSystems":true},"in2DMode":false,"pivot":{"x":188.76390075683595,"y":36.22608947753906,"z":214.5718231201172},"rotation":{"x":0.05536988005042076,"y":0.9415339827537537,"z":0.19643178582191468,"w":-0.268551230430603},"size":5.4330973625183109,"orthographic":false}