{"cameraMode":{"drawMode":0,"name":"Shaded","section":"Shading Mode"},"sceneLighting":false,"audioPlay":false,"sceneViewState":{"showFog":true,"showMaterialUpdate":true,"showSkybox":false,"showFlares":true,"showImageEffects":true,"showParticleSystems":true},"in2DMode":false,"pivot":{"x":-42.52796936035156,"y":0.4645756483078003,"z":115.0975112915039},"rotation":{"x":-0.13167233765125276,"y":0.5798812508583069,"z":0.09566044807434082,"w":0.7983179688453674},"size":13.780776977539063,"orthographic":false}