{"cameraMode":{"drawMode":0,"name":"Shaded","section":"Shading Mode"},"sceneLighting":true,"audioPlay":false,"sceneViewState":{"showFog":true,"showMaterialUpdate":true,"showSkybox":true,"showFlares":true,"showImageEffects":true,"showParticleSystems":true},"in2DMode":false,"pivot":{"x":9.281484603881836,"y":1.327760934829712,"z":-2.013493299484253},"rotation":{"x":0.05958816781640053,"y":0.7376129627227783,"z":0.06524945050477982,"w":-0.6695146560668945},"size":22.0,"orthographic":false}