{"cameraMode":{"drawMode":0,"name":"Shaded","section":"Shading Mode"},"sceneLighting":true,"audioPlay":false,"sceneViewState":{"showFog":true,"showMaterialUpdate":false,"showSkybox":true,"showFlares":true,"showImageEffects":true,"showParticleSystems":true},"in2DMode":false,"pivot":{"x":18.660655975341798,"y":35.416873931884769,"z":35.629093170166019},"rotation":{"x":-0.3362777829170227,"y":0.4420241415500641,"z":-0.18329495191574098,"w":-0.8112225532531738},"size":22.0,"orthographic":false}