{"cameraMode":{"drawMode":0,"name":"Shaded","section":"Shading Mode"},"sceneLighting":true,"audioPlay":false,"sceneViewState":{"showFog":true,"showMaterialUpdate":true,"showSkybox":true,"showFlares":true,"showImageEffects":true,"showParticleSystems":true},"in2DMode":false,"pivot":{"x":3.785750389099121,"y":0.47785425186157229,"z":3.0887794494628908},"rotation":{"x":0.09957367181777954,"y":-0.2094431072473526,"z":0.021325035020709039,"w":0.9725826382637024},"size":22.0,"orthographic":false}