{"cameraMode":{"drawMode":0,"name":"Shaded","section":"Shading Mode"},"sceneLighting":true,"audioPlay":false,"sceneViewState":{"showFog":true,"showMaterialUpdate":true,"showSkybox":true,"showFlares":true,"showImageEffects":true,"showParticleSystems":true},"in2DMode":false,"pivot":{"x":-225.2472381591797,"y":67.56220245361328,"z":-55.1515007019043},"rotation":{"x":0.09411676973104477,"y":0.6347413659095764,"z":-0.07873018831014633,"w":0.7630549669265747},"size":6.509947776794434,"orthographic":false}