{"cameraMode":{"drawMode":0,"name":"Shaded","section":"Shading Mode"},"sceneLighting":true,"audioPlay":false,"sceneViewState":{"showFog":true,"showMaterialUpdate":true,"showSkybox":true,"showFlares":true,"showImageEffects":true,"showParticleSystems":true},"in2DMode":false,"pivot":{"x":-771.3595581054688,"y":-10.836336135864258,"z":-24.273656845092775},"rotation":{"x":-0.08107783645391464,"y":-0.8787628412246704,"z":0.16127470135688783,"w":-0.4418455958366394},"size":76.75287628173828,"orthographic":false}