{"cameraMode":{"drawMode":0,"name":"Shaded","section":"Shading Mode"},"sceneLighting":true,"audioPlay":false,"sceneViewState":{"showFog":true,"showMaterialUpdate":true,"showSkybox":true,"showFlares":true,"showImageEffects":true,"showParticleSystems":true},"in2DMode":false,"pivot":{"x":-1790.2423095703125,"y":12.50566291809082,"z":-0.6864280700683594},"rotation":{"x":0.006000398658216,"y":-0.010984651744365693,"z":0.00011979902774328366,"w":0.9999549388885498},"size":44.360862731933597,"orthographic":false}