{"cameraMode":{"drawMode":0,"name":"Shaded","section":"Shading Mode"},"sceneLighting":true,"audioPlay":false,"sceneViewState":{"showFog":true,"showMaterialUpdate":true,"showSkybox":true,"showFlares":true,"showImageEffects":true,"showParticleSystems":true},"in2DMode":false,"pivot":{"x":-0.2423095703125,"y":524.5056762695313,"z":-0.6864280700683594},"rotation":{"x":0.03473858907818794,"y":0.9131366610527039,"z":-0.07964402437210083,"w":0.39828574657440188},"size":204.37567138671876,"orthographic":false}