{"cameraMode":{"drawMode":0,"name":"Shaded","section":"Shading Mode"},"sceneLighting":false,"audioPlay":false,"sceneViewState":{"showFog":true,"showMaterialUpdate":true,"showSkybox":false,"showFlares":true,"showImageEffects":true,"showParticleSystems":true},"in2DMode":false,"pivot":{"x":-8.09749698638916,"y":1.2375493049621583,"z":4.52759313583374},"rotation":{"x":-0.10713359713554383,"y":0.19610899686813355,"z":-0.021562598645687105,"w":-0.974478542804718},"size":93.4522933959961,"orthographic":false}