{"cameraMode":{"drawMode":0,"name":"Shaded","section":"Shading Mode"},"sceneLighting":true,"audioPlay":false,"sceneViewState":{"showFog":true,"showMaterialUpdate":true,"showSkybox":true,"showFlares":true,"showImageEffects":true,"showParticleSystems":true},"in2DMode":false,"pivot":{"x":1.5862008333206177,"y":147.40057373046876,"z":141.82818603515626},"rotation":{"x":-0.04036099463701248,"y":0.8961465954780579,"z":0.08364742249250412,"w":0.43417683243751528},"size":4.254973888397217,"orthographic":false}