{"cameraMode":{"drawMode":0,"name":"Shaded","section":"Shading Mode"},"sceneLighting":true,"audioPlay":false,"sceneViewState":{"showFog":true,"showMaterialUpdate":false,"showSkybox":true,"showFlares":true,"showImageEffects":true,"showParticleSystems":true},"in2DMode":false,"pivot":{"x":767.697998046875,"y":624.0367431640625,"z":-666.0272216796875},"rotation":{"x":-0.035471364855766299,"y":-0.9558685421943665,"z":0.12983329594135285,"w":-0.26115286350250246},"size":210.01071166992188,"orthographic":false}