{"cameraMode":{"drawMode":0,"name":"Shaded","section":"Shading Mode"},"sceneLighting":false,"audioPlay":false,"sceneViewState":{"showFog":true,"showMaterialUpdate":true,"showSkybox":false,"showFlares":true,"showImageEffects":true,"showParticleSystems":true},"in2DMode":false,"pivot":{"x":-21.647106170654298,"y":-9.79661750793457,"z":-12.403634071350098},"rotation":{"x":0.07147075980901718,"y":-0.8810960054397583,"z":0.14128530025482179,"w":0.4456786811351776},"size":45.5393180847168,"orthographic":false}