{"cameraMode":{"drawMode":0,"name":"Shaded","section":"Shading Mode"},"sceneLighting":false,"audioPlay":false,"sceneViewState":{"showFog":true,"showMaterialUpdate":true,"showSkybox":false,"showFlares":true,"showImageEffects":true,"showParticleSystems":true},"in2DMode":false,"pivot":{"x":-7.044487476348877,"y":-10.278863906860352,"z":6.469231605529785},"rotation":{"x":0.13705238699913026,"y":-0.5747213363647461,"z":0.09835559874773026,"w":0.8007914423942566},"size":22.0,"orthographic":false}