{"cameraMode":{"drawMode":0,"name":"Shaded","section":"Shading Mode"},"sceneLighting":true,"audioPlay":false,"sceneViewState":{"showFog":true,"showMaterialUpdate":true,"showSkybox":true,"showFlares":true,"showImageEffects":true,"showParticleSystems":true},"in2DMode":false,"pivot":{"x":1083.239990234375,"y":477.0325927734375,"z":-317.019775390625},"rotation":{"x":0.1885230839252472,"y":-0.279895544052124,"z":0.05615505948662758,"w":0.9396617412567139},"size":2044.3275146484375,"orthographic":false}