{"cameraMode":{"drawMode":0,"name":"Shaded","section":"Shading Mode"},"sceneLighting":true,"audioPlay":false,"sceneViewState":{"showFog":true,"showMaterialUpdate":true,"showSkybox":true,"showFlares":true,"showImageEffects":true,"showParticleSystems":true},"in2DMode":false,"pivot":{"x":21.046993255615236,"y":158.81332397460938,"z":120.69261169433594},"rotation":{"x":-0.020734108984470369,"y":0.8861591815948486,"z":-0.039926134049892429,"w":-0.46138375997543337},"size":76.8697738647461,"orthographic":false}