{"cameraMode":{"drawMode":0,"name":"Shaded","section":"Shading Mode"},"sceneLighting":true,"audioPlay":true,"sceneViewState":{"showFog":true,"showMaterialUpdate":true,"showSkybox":true,"showFlares":true,"showImageEffects":true,"showParticleSystems":true},"in2DMode":false,"pivot":{"x":-0.05718133971095085,"y":0.15771928429603578,"z":6.072605133056641},"rotation":{"x":0.06681086868047714,"y":0.13725563883781434,"z":-0.009269943460822106,"w":0.9882559180259705},"size":5.219829559326172,"orthographic":false}