{"cameraMode":{"drawMode":0,"name":"Shaded","section":"Shading Mode"},"sceneLighting":true,"audioPlay":false,"sceneViewState":{"showFog":true,"showMaterialUpdate":true,"showSkybox":true,"showFlares":true,"showImageEffects":true,"showParticleSystems":true},"in2DMode":false,"pivot":{"x":-22.151691436767579,"y":17.374984741210939,"z":-0.4470100402832031},"rotation":{"x":-0.19821062684059144,"y":-0.2581586539745331,"z":0.05438269302248955,"w":-0.944028377532959},"size":5.486507415771484,"orthographic":false}