{"cameraMode":{"drawMode":0,"name":"Shaded","section":"Shading Mode"},"sceneLighting":true,"audioPlay":false,"sceneViewState":{"showFog":true,"showMaterialUpdate":true,"showSkybox":true,"showFlares":true,"showImageEffects":true,"showParticleSystems":true},"in2DMode":false,"pivot":{"x":248.64385986328126,"y":-3054.90283203125,"z":33.60344696044922},"rotation":{"x":-0.07163915783166886,"y":-0.09056252986192703,"z":0.006565516348928213,"w":-0.9933342933654785},"size":132.2056121826172,"orthographic":false}