{"cameraMode":{"drawMode":0,"name":"Shaded","section":"Shading Mode"},"sceneLighting":true,"audioPlay":false,"sceneViewState":{"showFog":true,"showMaterialUpdate":true,"showSkybox":false,"showFlares":true,"showImageEffects":true,"showParticleSystems":true},"in2DMode":false,"pivot":{"x":20.46355438232422,"y":-9.052919387817383,"z":-9.539154052734375},"rotation":{"x":-0.07761700451374054,"y":-0.8702036142349243,"z":0.14480534195899964,"w":-0.4647042453289032},"size":37.95000076293945,"orthographic":false}