{"cameraMode":{"drawMode":0,"name":"Shaded","section":"Shading Mode"},"sceneLighting":true,"audioPlay":false,"sceneViewState":{"showFog":true,"showMaterialUpdate":true,"showSkybox":true,"showFlares":true,"showImageEffects":true,"showParticleSystems":true},"in2DMode":false,"pivot":{"x":-0.2727658748626709,"y":0.24457302689552308,"z":0.0862772986292839},"rotation":{"x":0.18036535382270814,"y":0.17826654016971589,"z":-0.033640455454587939,"w":0.966832160949707},"size":8.266430854797364,"orthographic":false}