{"cameraMode":{"drawMode":0,"name":"Shaded","section":"Shading Mode"},"sceneLighting":true,"audioPlay":false,"sceneViewState":{"showFog":true,"showMaterialUpdate":true,"showSkybox":true,"showFlares":true,"showImageEffects":true,"showParticleSystems":true},"in2DMode":false,"pivot":{"x":-429.4688720703125,"y":-24.869430541992189,"z":256.35205078125},"rotation":{"x":0.10337468236684799,"y":0.47907859086990359,"z":0.057335544377565387,"w":-0.8699113726615906},"size":665.7818603515625,"orthographic":false}