{"cameraMode":{"drawMode":0,"name":"Shaded","section":"Shading Mode"},"sceneLighting":true,"audioPlay":false,"sceneViewState":{"showFog":true,"showMaterialUpdate":true,"showSkybox":true,"showFlares":true,"showImageEffects":true,"showParticleSystems":true},"in2DMode":false,"pivot":{"x":-5.167601585388184,"y":146.91949462890626,"z":148.05194091796876},"rotation":{"x":-0.009189116768538952,"y":-0.953101396560669,"z":0.028584491461515428,"w":-0.30146193504333498},"size":5.454949855804443,"orthographic":false}