{"cameraMode":{"drawMode":0,"name":"Shaded","section":"Shading Mode"},"sceneLighting":true,"audioPlay":false,"sceneViewState":{"showFog":true,"showMaterialUpdate":true,"showSkybox":true,"showFlares":true,"showImageEffects":true,"showParticleSystems":true},"in2DMode":false,"pivot":{"x":11.900550842285157,"y":-176.3303680419922,"z":6.499555587768555},"rotation":{"x":0.14865276217460633,"y":-0.16990913450717927,"z":0.02633034624159336,"w":0.9739552140235901},"size":19.583927154541017,"orthographic":false}