{"cameraMode":{"drawMode":0,"name":"Shaded","section":"Shading Mode"},"sceneLighting":true,"audioPlay":false,"sceneViewState":{"showFog":true,"showMaterialUpdate":true,"showSkybox":true,"showFlares":true,"showImageEffects":true,"showParticleSystems":true},"in2DMode":false,"pivot":{"x":-899.0826416015625,"y":7.075531959533691,"z":-0.5929431915283203},"rotation":{"x":-0.13402608036994935,"y":-0.7618592977523804,"z":0.16725964844226838,"w":-0.6113361120223999},"size":87.84261322021485,"orthographic":false}