{"cameraMode":{"drawMode":0,"name":"Shaded","section":"Shading Mode"},"sceneLighting":true,"audioPlay":false,"sceneViewState":{"showFog":true,"showMaterialUpdate":true,"showSkybox":true,"showFlares":true,"showImageEffects":true,"showParticleSystems":true},"in2DMode":false,"pivot":{"x":-22.610572814941408,"y":-200.0426483154297,"z":51.098670959472659},"rotation":{"x":-0.0010403043124824763,"y":0.8382740020751953,"z":-0.0011450106976553798,"w":-0.5454593300819397},"size":89.31575775146485,"orthographic":false}