{"cameraMode":{"drawMode":0,"name":"Shaded","section":"Shading Mode"},"sceneLighting":true,"audioPlay":false,"sceneViewState":{"showFog":true,"showMaterialUpdate":true,"showSkybox":true,"showFlares":true,"showImageEffects":true,"showParticleSystems":true},"in2DMode":false,"pivot":{"x":924.9882202148438,"y":541.3229370117188,"z":3.883103847503662},"rotation":{"x":0.10778980702161789,"y":0.0030556032434105875,"z":-0.0003525642678141594,"w":0.9941745400428772},"size":1666.802734375,"orthographic":false}