{"cameraMode":{"drawMode":0,"name":"Shaded","section":"Shading Mode"},"sceneLighting":true,"audioPlay":false,"sceneViewState":{"showFog":true,"showMaterialUpdate":true,"showSkybox":true,"showFlares":true,"showImageEffects":true,"showParticleSystems":true},"in2DMode":false,"pivot":{"x":-0.08317756652832031,"y":0.6625723838806152,"z":-3.5447885990142824},"rotation":{"x":-0.07273674756288529,"y":0.7046281099319458,"z":-0.07341873645782471,"w":-0.7020999193191528},"size":22.0,"orthographic":false}