{"cameraMode":{"drawMode":0,"name":"Shaded","section":"Shading Mode"},"sceneLighting":false,"audioPlay":false,"sceneViewState":{"showFog":true,"showMaterialUpdate":true,"showSkybox":false,"showFlares":true,"showImageEffects":true,"showParticleSystems":true},"in2DMode":false,"pivot":{"x":-1784.7607421875,"y":4.3863725662231449,"z":-8.955647468566895},"rotation":{"x":-0.2209523618221283,"y":-0.4391360282897949,"z":0.11239881813526154,"w":-0.8635952472686768},"size":4.0578837394714359,"orthographic":false}