{"cameraMode":{"drawMode":0,"name":"Shaded","section":"Shading Mode"},"sceneLighting":false,"audioPlay":false,"sceneViewState":{"showFog":true,"showMaterialUpdate":true,"showSkybox":false,"showFlares":true,"showImageEffects":true,"showParticleSystems":true},"in2DMode":false,"pivot":{"x":3.9780073165893556,"y":5.291021823883057,"z":-2.130891799926758},"rotation":{"x":-0.1384318470954895,"y":-0.6769041419029236,"z":0.13140462338924409,"w":-0.7110307812690735},"size":20.02875328063965,"orthographic":false}