{"cameraMode":{"drawMode":0,"name":"Shaded","section":"Shading Mode"},"sceneLighting":true,"audioPlay":false,"sceneViewState":{"showFog":true,"showMaterialUpdate":true,"showSkybox":true,"showFlares":true,"showImageEffects":true,"showParticleSystems":true},"in2DMode":false,"pivot":{"x":-766.7207641601563,"y":-7.183155059814453,"z":-20.59975242614746},"rotation":{"x":-0.046964388340711597,"y":-0.8948318362236023,"z":0.09702284634113312,"w":-0.4332336485385895},"size":48.44332504272461,"orthographic":false}