{"cameraMode":{"drawMode":0,"name":"Shaded","section":"Shading Mode"},"sceneLighting":true,"audioPlay":false,"sceneViewState":{"showFog":true,"showMaterialUpdate":true,"showSkybox":true,"showFlares":true,"showImageEffects":true,"showParticleSystems":true},"in2DMode":false,"pivot":{"x":81.64389038085938,"y":141.21563720703126,"z":-264.0539245605469},"rotation":{"x":0.058056533336639407,"y":-0.1180213987827301,"z":0.006914535537362099,"w":0.9912928342819214},"size":100.7206039428711,"orthographic":false}