{"cameraMode":{"drawMode":0,"name":"Shaded","section":"Shading Mode"},"sceneLighting":true,"audioPlay":false,"sceneViewState":{"showFog":true,"showMaterialUpdate":true,"showSkybox":true,"showFlares":true,"showImageEffects":true,"showParticleSystems":true},"in2DMode":false,"pivot":{"x":0.0,"y":-562.4000244140625,"z":-8.198965072631836},"rotation":{"x":0.09565358608961106,"y":0.45780202746391299,"z":-0.04969817399978638,"w":0.8825532793998718},"size":154.55487060546876,"orthographic":false}