{"cameraMode":{"drawMode":0,"name":"Shaded","section":"Shading Mode"},"sceneLighting":true,"audioPlay":false,"sceneViewState":{"showFog":true,"showMaterialUpdate":true,"showSkybox":true,"showFlares":true,"showImageEffects":true,"showParticleSystems":true},"in2DMode":false,"pivot":{"x":136.1190643310547,"y":-604.23095703125,"z":928.6527099609375},"rotation":{"x":0.0536038912832737,"y":-0.9211004972457886,"z":0.36099717020988467,"w":0.13716575503349305},"size":78.34842681884766,"orthographic":false}