{"cameraMode":{"drawMode":0,"name":"Shaded","section":"Shading Mode"},"sceneLighting":false,"audioPlay":false,"sceneViewState":{"showFog":true,"showMaterialUpdate":false,"showSkybox":false,"showFlares":true,"showImageEffects":true,"showParticleSystems":true},"in2DMode":false,"pivot":{"x":-30.583816528320314,"y":-2.4849677085876467,"z":101.19127655029297},"rotation":{"x":-0.042757198214530948,"y":-0.9316998720169067,"z":0.11659147590398789,"w":-0.34146687388420107},"size":18.656085968017579,"orthographic":false}