{"cameraMode":{"drawMode":0,"name":"Shaded","section":"Shading Mode"},"sceneLighting":false,"audioPlay":false,"sceneViewState":{"showFog":true,"showMaterialUpdate":true,"showSkybox":false,"showFlares":true,"showImageEffects":true,"showParticleSystems":true},"in2DMode":false,"pivot":{"x":6.247793197631836,"y":0.49000024795532229,"z":-10.797121047973633},"rotation":{"x":-0.2153214067220688,"y":-0.17194239795207978,"z":0.03845036402344704,"w":-0.960559606552124},"size":42.8682861328125,"orthographic":false}