{"cameraMode":{"drawMode":0,"name":"Shaded","section":"Shading Mode"},"sceneLighting":false,"audioPlay":false,"sceneViewState":{"showFog":true,"showMaterialUpdate":true,"showSkybox":true,"showFlares":true,"showImageEffects":true,"showParticleSystems":true},"in2DMode":false,"pivot":{"x":5.401977062225342,"y":-0.9359893798828125,"z":-2.732875108718872},"rotation":{"x":0.14810052514076234,"y":0.8513979315757752,"z":-0.33957090973854067,"w":0.37135976552963259},"size":28.24709129333496,"orthographic":false}