{"cameraMode":{"drawMode":0,"name":"Shaded","section":"Shading Mode"},"sceneLighting":false,"audioPlay":false,"sceneViewState":{"showFog":true,"showMaterialUpdate":true,"showSkybox":false,"showFlares":true,"showImageEffects":true,"showParticleSystems":true},"in2DMode":false,"pivot":{"x":3.5899999141693117,"y":0.7752227783203125,"z":6.25},"rotation":{"x":-0.15909725427627564,"y":-0.4055440425872803,"z":0.07195089757442475,"w":-0.8973284363746643},"size":2.857884645462036,"orthographic":false}