{"cameraMode":{"drawMode":0,"name":"Shaded","section":"Shading Mode"},"sceneLighting":true,"audioPlay":false,"sceneViewState":{"showFog":true,"showMaterialUpdate":false,"showSkybox":true,"showFlares":true,"showImageEffects":true,"showParticleSystems":true},"in2DMode":false,"pivot":{"x":-0.5265239477157593,"y":0.3143145442008972,"z":0.16099514067173005},"rotation":{"x":-0.2780448794364929,"y":0.41952186822891238,"z":-0.13671328127384187,"w":-0.8533177375793457},"size":66.47647857666016,"orthographic":false}