{"cameraMode":{"drawMode":0,"name":"Shaded","section":"Shading Mode"},"sceneLighting":true,"audioPlay":false,"sceneViewState":{"showFog":true,"showMaterialUpdate":false,"showSkybox":true,"showFlares":true,"showImageEffects":true,"showParticleSystems":true},"in2DMode":false,"pivot":{"x":1130.10693359375,"y":618.3487548828125,"z":0.0},"rotation":{"x":0.000001389876729263051,"y":0.0000024333264718734428,"z":-5.04146441926423e-7,"w":0.9999999403953552},"size":2989.6806640625,"orthographic":true}