{"cameraMode":{"drawMode":0,"name":"Shaded","section":"Shading Mode"},"sceneLighting":true,"audioPlay":false,"sceneViewState":{"showFog":true,"showMaterialUpdate":true,"showSkybox":true,"showFlares":true,"showImageEffects":true,"showParticleSystems":true},"in2DMode":false,"pivot":{"x":0.7195804715156555,"y":0.4429863691329956,"z":2.514741897583008},"rotation":{"x":-0.11957862228155136,"y":-0.04856056720018387,"z":0.005844345316290855,"w":-0.9916942715644836},"size":5.9857892990112309,"orthographic":false}