{"cameraMode":{"drawMode":0,"name":"Shaded","section":"Shading Mode"},"sceneLighting":false,"audioPlay":false,"sceneViewState":{"showFog":true,"showMaterialUpdate":true,"showSkybox":false,"showFlares":true,"showImageEffects":true,"showParticleSystems":true},"in2DMode":false,"pivot":{"x":17.46873664855957,"y":2.7138900756835939,"z":17.21084976196289},"rotation":{"x":-0.16873711347579957,"y":-0.5155516266822815,"z":0.10402378439903259,"w":-0.8337298631668091},"size":16.795337677001954,"orthographic":false}