{"cameraMode":{"drawMode":0,"name":"Shaded","section":"Shading Mode"},"sceneLighting":true,"audioPlay":false,"sceneViewState":{"showFog":true,"showMaterialUpdate":true,"showSkybox":true,"showFlares":true,"showImageEffects":true,"showParticleSystems":true},"in2DMode":false,"pivot":{"x":632.8200073242188,"y":76.36742401123047,"z":197.90841674804688},"rotation":{"x":-0.1429826021194458,"y":-0.08448801189661026,"z":0.01230686530470848,"w":-0.9861190915107727},"size":1544.3585205078125,"orthographic":false}