{"cameraMode":{"drawMode":0,"name":"Shaded","section":"Shading Mode"},"sceneLighting":true,"audioPlay":false,"sceneViewState":{"showFog":true,"showMaterialUpdate":true,"showSkybox":true,"showFlares":true,"showImageEffects":true,"showParticleSystems":true},"in2DMode":false,"pivot":{"x":-895.4863891601563,"y":47.37833023071289,"z":424.45941162109377},"rotation":{"x":0.08239242434501648,"y":0.8959704637527466,"z":-0.18993991613388062,"w":0.3934638798236847},"size":12.000566482543946,"orthographic":false}