{"cameraMode":{"drawMode":0,"name":"Shaded","section":"Shading Mode"},"sceneLighting":true,"audioPlay":false,"sceneViewState":{"showFog":true,"showMaterialUpdate":true,"showSkybox":true,"showFlares":true,"showImageEffects":true,"showParticleSystems":true},"in2DMode":false,"pivot":{"x":-161.06613159179688,"y":65.3387680053711,"z":13.138898849487305},"rotation":{"x":-0.11941705644130707,"y":-0.7471206784248352,"z":0.13966944813728333,"w":-0.6387937664985657},"size":84.54911804199219,"orthographic":false}