{"cameraMode":{"drawMode":0,"name":"Shaded","section":"Shading Mode"},"sceneLighting":true,"audioPlay":false,"sceneViewState":{"showFog":true,"showMaterialUpdate":true,"showSkybox":true,"showFlares":true,"showImageEffects":true,"showParticleSystems":true},"in2DMode":false,"pivot":{"x":24.758159637451173,"y":-611.1113891601563,"z":18.440296173095704},"rotation":{"x":0.02841798961162567,"y":0.9389873147010803,"z":-0.0805315226316452,"w":0.3333306908607483},"size":73.18072509765625,"orthographic":false}