{"cameraMode":{"drawMode":0,"name":"Shaded","section":"Shading Mode"},"sceneLighting":true,"audioPlay":false,"sceneViewState":{"showFog":true,"showMaterialUpdate":true,"showSkybox":true,"showFlares":true,"showImageEffects":true,"showParticleSystems":true},"in2DMode":false,"pivot":{"x":-0.001201033592224121,"y":-0.6869999170303345,"z":1.9859998226165772},"rotation":{"x":0.1966540664434433,"y":-0.43872547149658205,"z":0.09902974963188172,"w":0.8712300658226013},"size":5.219829559326172,"orthographic":false}