{"cameraMode":{"drawMode":0,"name":"Shaded","section":"Shading Mode"},"sceneLighting":true,"audioPlay":false,"sceneViewState":{"showFog":true,"showMaterialUpdate":true,"showSkybox":true,"showFlares":true,"showImageEffects":true,"showParticleSystems":true},"in2DMode":false,"pivot":{"x":887.5477294921875,"y":-134.81295776367188,"z":858.9177856445313},"rotation":{"x":-0.03988132253289223,"y":-0.8596422076225281,"z":-0.06692348420619965,"w":0.5051726698875427},"size":28.990236282348634,"orthographic":false}