{"cameraMode":{"drawMode":0,"name":"Shaded","section":"Shading Mode"},"sceneLighting":false,"audioPlay":false,"sceneViewState":{"showFog":true,"showMaterialUpdate":true,"showSkybox":false,"showFlares":true,"showImageEffects":true,"showParticleSystems":true},"in2DMode":false,"pivot":{"x":-37.693931579589847,"y":0.0,"z":108.95584869384766},"rotation":{"x":-0.18454281985759736,"y":-0.5760989189147949,"z":-0.13547870516777039,"w":0.784702479839325},"size":13.780776977539063,"orthographic":false}