{"cameraMode":{"drawMode":0,"name":"Shaded","section":"Shading Mode"},"sceneLighting":true,"audioPlay":false,"sceneViewState":{"showFog":true,"showMaterialUpdate":true,"showSkybox":true,"showFlares":true,"showImageEffects":true,"showParticleSystems":true},"in2DMode":false,"pivot":{"x":-231.6085205078125,"y":-281.19952392578127,"z":163.2425537109375},"rotation":{"x":-0.2741929292678833,"y":0.36708149313926699,"z":-0.11406738311052323,"w":-0.8816004991531372},"size":614.36376953125,"orthographic":false}