{"cameraMode":{"drawMode":0,"name":"Shaded","section":"Shading Mode"},"sceneLighting":true,"audioPlay":false,"sceneViewState":{"showFog":true,"showMaterialUpdate":true,"showSkybox":true,"showFlares":true,"showImageEffects":true,"showParticleSystems":true},"in2DMode":false,"pivot":{"x":42.3715934753418,"y":45.28174591064453,"z":-1.2625732421875},"rotation":{"x":-0.0038896785117685796,"y":0.9953668713569641,"z":0.08681657165288925,"w":0.043941229581832889},"size":55.34267044067383,"orthographic":false}