{"cameraMode":{"drawMode":0,"name":"Shaded","section":"Shading Mode"},"sceneLighting":true,"audioPlay":false,"sceneViewState":{"showFog":true,"showMaterialUpdate":true,"showSkybox":true,"showFlares":true,"showImageEffects":true,"showParticleSystems":true},"in2DMode":false,"pivot":{"x":-1790.2423095703125,"y":12.50566291809082,"z":-0.6864280700683594},"rotation":{"x":-0.08501754701137543,"y":0.9136018753051758,"z":-0.2543543577194214,"w":-0.3057331442832947},"size":46.70633316040039,"orthographic":false}