{"cameraMode":{"drawMode":0,"name":"Shaded","section":"Shading Mode"},"sceneLighting":true,"audioPlay":false,"sceneViewState":{"showFog":true,"showMaterialUpdate":true,"showSkybox":true,"showFlares":true,"showImageEffects":true,"showParticleSystems":true},"in2DMode":false,"pivot":{"x":-0.37031126022338869,"y":2211.751953125,"z":2652.442138671875},"rotation":{"x":0.10251469910144806,"y":-0.30748140811920168,"z":-0.033329352736473086,"w":-0.9454763531684876},"size":90.0477294921875,"orthographic":false}