{"cameraMode":{"drawMode":0,"name":"Shaded","section":"Shading Mode"},"sceneLighting":true,"audioPlay":false,"sceneViewState":{"showFog":true,"showMaterialUpdate":true,"showSkybox":true,"showFlares":true,"showImageEffects":true,"showParticleSystems":true},"in2DMode":false,"pivot":{"x":-161.61671447753907,"y":-85.6498794555664,"z":364.9552307128906},"rotation":{"x":-0.1892954707145691,"y":0.21031706035137177,"z":-0.04144061729311943,"w":-0.9583206176757813},"size":677.0780639648438,"orthographic":false}