{"cameraMode":{"drawMode":0,"name":"Shaded","section":"Shading Mode"},"sceneLighting":true,"audioPlay":false,"sceneViewState":{"showFog":true,"showMaterialUpdate":true,"showSkybox":true,"showFlares":true,"showImageEffects":true,"showParticleSystems":true},"in2DMode":false,"pivot":{"x":9.741207122802735,"y":0.0816965103149414,"z":7.398200035095215},"rotation":{"x":-0.029906516894698144,"y":-0.49625685811042788,"z":0.017190121114253999,"w":-0.8675419092178345},"size":22.0,"orthographic":false}