{"cameraMode":{"drawMode":0,"name":"Shaded","section":"Shading Mode"},"sceneLighting":false,"audioPlay":false,"sceneViewState":{"showFog":true,"showMaterialUpdate":false,"showSkybox":false,"showFlares":true,"showImageEffects":true,"showParticleSystems":true},"in2DMode":false,"pivot":{"x":-33.69227600097656,"y":-3.783275842666626,"z":95.72429656982422},"rotation":{"x":-0.027421385049819948,"y":-0.9699259400367737,"z":0.13025493919849397,"w":-0.20399236679077149},"size":18.656085968017579,"orthographic":false}