{"cameraMode":{"drawMode":0,"name":"Shaded","section":"Shading Mode"},"sceneLighting":true,"audioPlay":false,"sceneViewState":{"showFog":true,"showMaterialUpdate":true,"showSkybox":true,"showFlares":true,"showImageEffects":true,"showParticleSystems":true},"in2DMode":false,"pivot":{"x":-25.55023956298828,"y":-479.1631774902344,"z":1082.985107421875},"rotation":{"x":-0.32468122243881228,"y":0.10974837094545365,"z":-0.03797045722603798,"w":-0.9387192726135254},"size":3183.623779296875,"orthographic":false}