{"cameraMode":{"drawMode":0,"name":"Shaded","section":"Shading Mode"},"sceneLighting":true,"audioPlay":false,"sceneViewState":{"showFog":true,"showMaterialUpdate":true,"showSkybox":true,"showFlares":true,"showImageEffects":true,"showParticleSystems":true},"in2DMode":false,"pivot":{"x":7.475151538848877,"y":-0.7133641242980957,"z":9.65672492980957},"rotation":{"x":0.22014650702476502,"y":0.01985730417072773,"z":-0.004590884316712618,"w":0.9753297567367554},"size":14.433897972106934,"orthographic":false}