{"cameraMode":{"drawMode":0,"name":"Shaded","section":"Shading Mode"},"sceneLighting":true,"audioPlay":false,"sceneViewState":{"showFog":true,"showMaterialUpdate":true,"showSkybox":true,"showFlares":true,"showImageEffects":true,"showParticleSystems":true},"in2DMode":false,"pivot":{"x":-340.8734436035156,"y":534.305419921875,"z":9840.2568359375},"rotation":{"x":-0.06374111771583557,"y":0.8796416521072388,"z":-0.4549470841884613,"w":-0.12324243783950806},"size":26.780981063842775,"orthographic":false}