{"cameraMode":{"drawMode":0,"name":"Shaded","section":"Shading Mode"},"sceneLighting":true,"audioPlay":false,"sceneViewState":{"showFog":true,"showMaterialUpdate":true,"showSkybox":true,"showFlares":true,"showImageEffects":true,"showParticleSystems":true},"in2DMode":false,"pivot":{"x":-108.92556762695313,"y":-3284.23828125,"z":-638.644775390625},"rotation":{"x":-0.15371868014335633,"y":0.7178868055343628,"z":-0.1677102893590927,"w":-0.6580125093460083},"size":376.3576965332031,"orthographic":false}