{"cameraMode":{"drawMode":0,"name":"Shaded","section":"Shading Mode"},"sceneLighting":false,"audioPlay":false,"sceneViewState":{"showFog":true,"showMaterialUpdate":true,"showSkybox":false,"showFlares":true,"showImageEffects":true,"showParticleSystems":true},"in2DMode":false,"pivot":{"x":5.701128005981445,"y":0.6928402185440064,"z":-7.049890518188477},"rotation":{"x":-0.0894206240773201,"y":-0.09990289807319641,"z":-0.0091243339702487,"w":0.9909799098968506},"size":3.233159303665161,"orthographic":false}