{"cameraMode":{"drawMode":0,"name":"Shaded","section":"Shading Mode"},"sceneLighting":false,"audioPlay":false,"sceneViewState":{"showFog":true,"showMaterialUpdate":true,"showSkybox":false,"showFlares":true,"showImageEffects":true,"showParticleSystems":true},"in2DMode":false,"pivot":{"x":-1822.2099609375,"y":5.304879665374756,"z":-10.175413131713868},"rotation":{"x":-0.1954771876335144,"y":0.4374743402004242,"z":-0.0981341078877449,"w":-0.8722681403160095},"size":8.573651313781739,"orthographic":false}