{"cameraMode":{"drawMode":0,"name":"Shaded","section":"Shading Mode"},"sceneLighting":true,"audioPlay":false,"sceneViewState":{"showFog":true,"showMaterialUpdate":true,"showSkybox":true,"showFlares":true,"showImageEffects":true,"showParticleSystems":true},"in2DMode":false,"pivot":{"x":-1718.4586181640625,"y":117.968017578125,"z":1946.8028564453125},"rotation":{"x":0.006409440189599991,"y":0.9892517924308777,"z":-0.1389055997133255,"w":0.04632304981350899},"size":57.30728530883789,"orthographic":false}