{"cameraMode":{"drawMode":0,"name":"Shaded","section":"Shading Mode"},"sceneLighting":false,"audioPlay":false,"sceneViewState":{"showFog":true,"showMaterialUpdate":true,"showSkybox":false,"showFlares":true,"showImageEffects":true,"showParticleSystems":true},"in2DMode":false,"pivot":{"x":-1785.3311767578125,"y":4.51282262802124,"z":-8.198965072631836},"rotation":{"x":-0.10909503698348999,"y":-0.3199406862258911,"z":0.03715014457702637,"w":-0.9404497146606445},"size":2.8578836917877199,"orthographic":false}