{"cameraMode":{"drawMode":0,"name":"Shaded","section":"Shading Mode"},"sceneLighting":false,"audioPlay":false,"sceneViewState":{"showFog":true,"showMaterialUpdate":true,"showSkybox":false,"showFlares":true,"showImageEffects":true,"showParticleSystems":true},"in2DMode":false,"pivot":{"x":0.0,"y":5.449999809265137,"z":2.9901905059814455},"rotation":{"x":-0.12007227540016175,"y":-0.38219815492630007,"z":0.05016374588012695,"w":-0.9148733615875244},"size":36.272499084472659,"orthographic":false}