{"cameraMode":{"drawMode":0,"name":"Shaded","section":"Shading Mode"},"sceneLighting":true,"audioPlay":false,"sceneViewState":{"showFog":true,"showMaterialUpdate":true,"showSkybox":true,"showFlares":true,"showImageEffects":true,"showParticleSystems":true},"in2DMode":false,"pivot":{"x":-10.734241485595704,"y":1.4486160278320313,"z":2.697477102279663},"rotation":{"x":-0.0018852815264835954,"y":0.9079967737197876,"z":0.004085981752723455,"w":0.41895294189453127},"size":22.0,"orthographic":false}