{"cameraMode":{"drawMode":0,"name":"Shaded","section":"Shading Mode"},"sceneLighting":false,"audioPlay":false,"sceneViewState":{"showFog":true,"showMaterialUpdate":true,"showSkybox":false,"showFlares":true,"showImageEffects":true,"showParticleSystems":true},"in2DMode":false,"pivot":{"x":-13.19516658782959,"y":3.851612091064453,"z":9.998870849609375},"rotation":{"x":0.05802304297685623,"y":0.9067369699478149,"z":-0.13287866115570069,"w":0.39616698026657107},"size":16.183876037597658,"orthographic":false}