{"cameraMode":{"drawMode":0,"name":"Shaded","section":"Shading Mode"},"sceneLighting":true,"audioPlay":false,"sceneViewState":{"showFog":true,"showMaterialUpdate":true,"showSkybox":true,"showFlares":true,"showImageEffects":true,"showParticleSystems":true},"in2DMode":false,"pivot":{"x":-78.58950805664063,"y":-41.44712829589844,"z":122.88200378417969},"rotation":{"x":0.40486788749694826,"y":-0.4108680188655853,"z":0.21077860891819,"w":0.7892035245895386},"size":117.1841049194336,"orthographic":false}