{"cameraMode":{"drawMode":0,"name":"Shaded","section":"Shading Mode"},"sceneLighting":false,"audioPlay":false,"sceneViewState":{"showFog":true,"showMaterialUpdate":true,"showSkybox":false,"showFlares":true,"showImageEffects":true,"showParticleSystems":true},"in2DMode":false,"pivot":{"x":19.87847900390625,"y":5.155203342437744,"z":20.50008201599121},"rotation":{"x":-0.018374834209680558,"y":0.8655782341957092,"z":0.4996008574962616,"w":0.032035935670137408},"size":13.780768394470215,"orthographic":false}