{"cameraMode":{"drawMode":0,"name":"Shaded","section":"Shading Mode"},"sceneLighting":true,"audioPlay":false,"sceneViewState":{"showFog":true,"showMaterialUpdate":true,"showSkybox":true,"showFlares":true,"showImageEffects":true,"showParticleSystems":true},"in2DMode":false,"pivot":{"x":-26.784351348876954,"y":-232.3026885986328,"z":-0.1861283779144287},"rotation":{"x":0.002144222380593419,"y":-0.6474243402481079,"z":0.002151270629838109,"w":0.7622381448745728},"size":13.480612754821778,"orthographic":false}