{"cameraMode":{"drawMode":0,"name":"Shaded","section":"Shading Mode"},"sceneLighting":true,"audioPlay":false,"sceneViewState":{"showFog":true,"showMaterialUpdate":true,"showSkybox":true,"showFlares":true,"showImageEffects":true,"showParticleSystems":true},"in2DMode":false,"pivot":{"x":-892.4691772460938,"y":52.529048919677737,"z":427.3245544433594},"rotation":{"x":-0.007391344755887985,"y":0.8307366371154785,"z":0.00949475821107626,"w":0.5569330453872681},"size":12.000566482543946,"orthographic":false}