{"cameraMode":{"drawMode":0,"name":"Shaded","section":"Shading Mode"},"sceneLighting":false,"audioPlay":false,"sceneViewState":{"showFog":true,"showMaterialUpdate":true,"showSkybox":false,"showFlares":true,"showImageEffects":true,"showParticleSystems":true},"in2DMode":false,"pivot":{"x":2.374948263168335,"y":1.5360318422317505,"z":-9.264177322387696},"rotation":{"x":-0.16868315637111665,"y":-0.025437310338020326,"z":0.004097075667232275,"w":-0.985434889793396},"size":47.24656677246094,"orthographic":false}