{"cameraMode":{"drawMode":0,"name":"Shaded","section":"Shading Mode"},"sceneLighting":false,"audioPlay":false,"sceneViewState":{"showFog":true,"showMaterialUpdate":true,"showSkybox":false,"showFlares":true,"showImageEffects":true,"showParticleSystems":true},"in2DMode":false,"pivot":{"x":19.87847900390625,"y":5.155203342437744,"z":20.500080108642579},"rotation":{"x":-0.45805588364601138,"y":-0.20573048293590547,"z":0.11002346128225327,"w":-0.8577972650527954},"size":13.780773162841797,"orthographic":false}