{"cameraMode":{"drawMode":0,"name":"Shaded","section":"Shading Mode"},"sceneLighting":true,"audioPlay":false,"sceneViewState":{"showFog":true,"showMaterialUpdate":true,"showSkybox":true,"showFlares":true,"showImageEffects":true,"showParticleSystems":true},"in2DMode":false,"pivot":{"x":-34.658447265625,"y":-1270.4150390625,"z":770.3184814453125},"rotation":{"x":0.14865276217460633,"y":-0.16990913450717927,"z":0.02633034624159336,"w":0.9739552140235901},"size":295.3984375,"orthographic":false}