{"cameraMode":{"drawMode":0,"name":"Shaded","section":"Shading Mode"},"sceneLighting":false,"audioPlay":false,"sceneViewState":{"showFog":true,"showMaterialUpdate":false,"showSkybox":false,"showFlares":true,"showImageEffects":true,"showParticleSystems":true},"in2DMode":false,"pivot":{"x":0.16611623764038087,"y":-0.31905484199523928,"z":-0.18869638442993165},"rotation":{"x":-0.10864133387804032,"y":0.7852810621261597,"z":-0.14415617287158967,"w":-0.5922955274581909},"size":6.6302900314331059,"orthographic":false}