{"cameraMode":{"drawMode":0,"name":"Shaded","section":"Shading Mode"},"sceneLighting":true,"audioPlay":false,"sceneViewState":{"showFog":true,"showMaterialUpdate":true,"showSkybox":true,"showFlares":true,"showImageEffects":true,"showParticleSystems":true},"in2DMode":false,"pivot":{"x":-12.856781959533692,"y":55.95250701904297,"z":2.130496025085449},"rotation":{"x":0.06039067730307579,"y":-0.4444648325443268,"z":0.030050022527575494,"w":0.8933447003364563},"size":53.73866653442383,"orthographic":false}