{"cameraMode":{"drawMode":0,"name":"Shaded","section":"Shading Mode"},"sceneLighting":true,"audioPlay":false,"sceneViewState":{"showFog":true,"showMaterialUpdate":true,"showSkybox":true,"showFlares":true,"showImageEffects":true,"showParticleSystems":true},"in2DMode":false,"pivot":{"x":-591.7908935546875,"y":567.6704711914063,"z":1919.873291015625},"rotation":{"x":-0.02448740229010582,"y":-0.9721496105194092,"z":0.11568354815244675,"w":-0.20332184433937074},"size":11.701449394226075,"orthographic":false}