{"cameraMode":{"drawMode":0,"name":"Shaded","section":"Shading Mode"},"sceneLighting":false,"audioPlay":false,"sceneViewState":{"showFog":true,"showMaterialUpdate":true,"showSkybox":false,"showFlares":true,"showImageEffects":true,"showParticleSystems":true},"in2DMode":false,"pivot":{"x":-4.582164287567139,"y":-13.230965614318848,"z":37.33499526977539},"rotation":{"x":-0.21005238592624665,"y":0.15816770493984223,"z":-0.03446013852953911,"w":-0.9642016291618347},"size":290.7924499511719,"orthographic":false}