{"cameraMode":{"drawMode":0,"name":"Shaded","section":"Shading Mode"},"sceneLighting":false,"audioPlay":false,"sceneViewState":{"showFog":true,"showMaterialUpdate":true,"showSkybox":false,"showFlares":true,"showImageEffects":true,"showParticleSystems":true},"in2DMode":false,"pivot":{"x":1.1908451318740845,"y":1.6328157186508179,"z":16.99997329711914},"rotation":{"x":0.17317846417427064,"y":0.678030252456665,"z":-0.16918374598026277,"w":0.694063663482666},"size":38.22159957885742,"orthographic":false}