{"cameraMode":{"drawMode":0,"name":"Shaded","section":"Shading Mode"},"sceneLighting":true,"audioPlay":false,"sceneViewState":{"showFog":true,"showMaterialUpdate":true,"showSkybox":true,"showFlares":true,"showImageEffects":true,"showParticleSystems":true},"in2DMode":false,"pivot":{"x":-1788.7454833984375,"y":5.228649139404297,"z":1.7345895767211915},"rotation":{"x":-0.08299572020769119,"y":-0.49842044711112978,"z":0.04795455560088158,"w":-0.8616495132446289},"size":30.456771850585939,"orthographic":false}