{"cameraMode":{"drawMode":0,"name":"Shaded","section":"Shading Mode"},"sceneLighting":true,"audioPlay":false,"sceneViewState":{"showFog":true,"showMaterialUpdate":true,"showSkybox":true,"showFlares":true,"showImageEffects":true,"showParticleSystems":true},"in2DMode":false,"pivot":{"x":-268.3452453613281,"y":-303.5257568359375,"z":-272.05865478515627},"rotation":{"x":-0.06377288699150086,"y":-0.3787649869918823,"z":0.02620449848473072,"w":-0.9229699373245239},"size":399.47381591796877,"orthographic":false}