{"cameraMode":{"drawMode":0,"name":"Shaded","section":"Shading Mode"},"sceneLighting":true,"audioPlay":false,"sceneViewState":{"showFog":true,"showMaterialUpdate":true,"showSkybox":true,"showFlares":true,"showImageEffects":true,"showParticleSystems":true},"in2DMode":false,"pivot":{"x":193.13134765625,"y":232.8756561279297,"z":9780.2041015625},"rotation":{"x":0.06622394919395447,"y":0.6590951681137085,"z":-0.058538347482681277,"w":0.7469187378883362},"size":14150.9853515625,"orthographic":false}