{"cameraMode":{"drawMode":0,"name":"Shaded","section":"Shading Mode"},"sceneLighting":false,"audioPlay":false,"sceneViewState":{"showFog":true,"showMaterialUpdate":false,"showSkybox":false,"showFlares":true,"showImageEffects":true,"showParticleSystems":true},"in2DMode":false,"pivot":{"x":-1.443015217781067,"y":-1.383548617362976,"z":1.1775540113449097},"rotation":{"x":-0.20359940826892854,"y":0.6949701309204102,"z":-0.21618035435676576,"w":-0.6549027562141419},"size":4.901163578033447,"orthographic":false}