{"cameraMode":{"drawMode":0,"name":"Shaded","section":"Shading Mode"},"sceneLighting":true,"audioPlay":false,"sceneViewState":{"showFog":true,"showMaterialUpdate":true,"showSkybox":true,"showFlares":true,"showImageEffects":true,"showParticleSystems":true},"in2DMode":false,"pivot":{"x":-583.0736694335938,"y":2862.066650390625,"z":32536.32421875},"rotation":{"x":-0.058846209198236468,"y":-0.16365623474121095,"z":-0.009795384481549263,"w":0.9847281575202942},"size":51.00616455078125,"orthographic":false}