{"cameraMode":{"drawMode":0,"name":"Shaded","section":"Shading Mode"},"sceneLighting":true,"audioPlay":false,"sceneViewState":{"showFog":true,"showMaterialUpdate":true,"showSkybox":true,"showFlares":true,"showImageEffects":true,"showParticleSystems":true},"in2DMode":false,"pivot":{"x":-1164.18212890625,"y":1049.99609375,"z":-2408.37939453125},"rotation":{"x":-0.018374834209680558,"y":0.8655782341957092,"z":0.4996008574962616,"w":0.032035935670137408},"size":1.7669317722320557,"orthographic":false}