{"cameraMode":{"drawMode":0,"name":"Shaded","section":"Shading Mode"},"sceneLighting":false,"audioPlay":false,"sceneViewState":{"showFog":true,"showMaterialUpdate":false,"showSkybox":false,"showFlares":true,"showImageEffects":true,"showParticleSystems":true},"in2DMode":false,"pivot":{"x":0.20323295891284944,"y":0.20240244269371034,"z":0.6618332266807556},"rotation":{"x":-0.06319458037614823,"y":-0.7743161916732788,"z":0.07832378149032593,"w":-0.624743640422821},"size":32.84498977661133,"orthographic":false}