{"cameraMode":{"drawMode":0,"name":"Shaded","section":"Shading Mode"},"sceneLighting":false,"audioPlay":false,"sceneViewState":{"showFog":true,"showMaterialUpdate":true,"showSkybox":false,"showFlares":true,"showImageEffects":true,"showParticleSystems":true},"in2DMode":false,"pivot":{"x":-0.8146247863769531,"y":-1.2315483093261719,"z":1.2469134330749512},"rotation":{"x":-0.17333242297172547,"y":-0.8134280443191528,"z":0.3018985986709595,"w":-0.46620553731918337},"size":77.97779846191406,"orthographic":false}