{"cameraMode":{"drawMode":0,"name":"Shaded","section":"Shading Mode"},"sceneLighting":true,"audioPlay":false,"sceneViewState":{"showFog":true,"showMaterialUpdate":true,"showSkybox":true,"showFlares":true,"showImageEffects":true,"showParticleSystems":true},"in2DMode":false,"pivot":{"x":-1804.189697265625,"y":7.614347457885742,"z":8.626259803771973},"rotation":{"x":0.12891995906829835,"y":-0.5625353455543518,"z":0.08933912217617035,"w":0.8117607235908508},"size":43.57164764404297,"orthographic":false}