{"cameraMode":{"drawMode":0,"name":"Shaded","section":"Shading Mode"},"sceneLighting":false,"audioPlay":false,"sceneViewState":{"showFog":true,"showMaterialUpdate":true,"showSkybox":false,"showFlares":true,"showImageEffects":true,"showParticleSystems":true},"in2DMode":false,"pivot":{"x":16.121810913085939,"y":0.31517791748046877,"z":-0.19568252563476563},"rotation":{"x":-0.13933168351650239,"y":-0.7194763422012329,"z":0.15108826756477357,"w":-0.6634202599525452},"size":212.2602996826172,"orthographic":false}