{"cameraMode":{"drawMode":0,"name":"Shaded","section":"Shading Mode"},"sceneLighting":false,"audioPlay":false,"sceneViewState":{"showFog":true,"showMaterialUpdate":true,"showSkybox":false,"showFlares":true,"showImageEffects":true,"showParticleSystems":true},"in2DMode":false,"pivot":{"x":18.898191452026368,"y":5.37371826171875,"z":18.96669578552246},"rotation":{"x":-0.27475816011428835,"y":-0.15200883150100709,"z":0.04419008269906044,"w":-0.9484267234802246},"size":13.780773162841797,"orthographic":false}