{"cameraMode":{"drawMode":0,"name":"Shaded","section":"Shading Mode"},"sceneLighting":true,"audioPlay":false,"sceneViewState":{"showFog":true,"showMaterialUpdate":true,"showSkybox":true,"showFlares":true,"showImageEffects":true,"showParticleSystems":true},"in2DMode":false,"pivot":{"x":-117.41073608398438,"y":162.20948791503907,"z":10215.4970703125},"rotation":{"x":-0.07762673497200012,"y":-0.7960081100463867,"z":-0.10444459319114685,"w":0.5911862254142761},"size":74.08702087402344,"orthographic":false}