{"cameraMode":{"drawMode":0,"name":"Shaded","section":"Shading Mode"},"sceneLighting":false,"audioPlay":false,"sceneViewState":{"showFog":true,"showMaterialUpdate":true,"showSkybox":false,"showFlares":true,"showImageEffects":true,"showParticleSystems":true},"in2DMode":false,"pivot":{"x":-1785.7896728515625,"y":3.4492809772491457,"z":-8.107556343078614},"rotation":{"x":-0.03595244884490967,"y":-0.7742291688919067,"z":0.04419296607375145,"w":-0.6304101347923279},"size":6.757885456085205,"orthographic":false}