{"cameraMode":{"drawMode":0,"name":"Shaded","section":"Shading Mode"},"sceneLighting":false,"audioPlay":false,"sceneViewState":{"showFog":true,"showMaterialUpdate":true,"showSkybox":false,"showFlares":true,"showImageEffects":true,"showParticleSystems":true},"in2DMode":false,"pivot":{"x":-139.8819122314453,"y":0.34451770782470705,"z":-0.8871936798095703},"rotation":{"x":-0.18199478089809419,"y":-0.0009147005621343851,"z":0.00015725634875707328,"w":-0.9833807349205017},"size":52.49457550048828,"orthographic":false}