{"cameraMode":{"drawMode":0,"name":"Shaded","section":"Shading Mode"},"sceneLighting":false,"audioPlay":false,"sceneViewState":{"showFog":true,"showMaterialUpdate":true,"showSkybox":false,"showFlares":true,"showImageEffects":true,"showParticleSystems":true},"in2DMode":false,"pivot":{"x":-6.190216064453125,"y":-35.944671630859378,"z":-385.51556396484377},"rotation":{"x":0.19249582290649415,"y":-0.3433969020843506,"z":0.07203756272792816,"w":0.9164797067642212},"size":6201.9443359375,"orthographic":false}