{"cameraMode":{"drawMode":0,"name":"Shaded","section":"Shading Mode"},"sceneLighting":true,"audioPlay":false,"sceneViewState":{"showFog":true,"showMaterialUpdate":true,"showSkybox":true,"showFlares":true,"showImageEffects":true,"showParticleSystems":true},"in2DMode":false,"pivot":{"x":9.588165283203125,"y":2.5365371704101564,"z":43.892059326171878},"rotation":{"x":-0.4193936586380005,"y":0.5003333687782288,"z":-0.30188557505607607,"w":-0.6948401927947998},"size":93.16006469726563,"orthographic":false}