{"cameraMode":{"drawMode":0,"name":"Shaded","section":"Shading Mode"},"sceneLighting":true,"audioPlay":false,"sceneViewState":{"showFog":true,"showMaterialUpdate":true,"showSkybox":true,"showFlares":true,"showImageEffects":true,"showParticleSystems":true},"in2DMode":false,"pivot":{"x":-0.06190204620361328,"y":-0.3594493865966797,"z":-3.855154037475586},"rotation":{"x":-0.25165891647338869,"y":0.31999310851097109,"z":-0.08842823654413223,"w":-0.9091487526893616},"size":2066.852783203125,"orthographic":false}