{"cameraMode":{"drawMode":0,"name":"Shaded","section":"Shading Mode"},"sceneLighting":true,"audioPlay":false,"sceneViewState":{"showFog":true,"showMaterialUpdate":true,"showSkybox":true,"showFlares":true,"showImageEffects":true,"showParticleSystems":true},"in2DMode":false,"pivot":{"x":-1792.6004638671875,"y":18.366369247436525,"z":41.6259765625},"rotation":{"x":-0.09398076683282852,"y":-0.8878191709518433,"z":0.20910398662090302,"w":-0.3990268111228943},"size":16.678050994873048,"orthographic":false}