{"cameraMode":{"drawMode":0,"name":"Shaded","section":"Shading Mode"},"sceneLighting":true,"audioPlay":false,"sceneViewState":{"showFog":true,"showMaterialUpdate":true,"showSkybox":true,"showFlares":true,"showImageEffects":true,"showParticleSystems":true},"in2DMode":false,"pivot":{"x":954.5392456054688,"y":-151.2559814453125,"z":918.6387939453125},"rotation":{"x":0.1437520980834961,"y":-0.29944777488708498,"z":0.04611125960946083,"w":0.942225456237793},"size":28.990236282348634,"orthographic":false}