{"cameraMode":{"drawMode":0,"name":"Shaded","section":"Shading Mode"},"sceneLighting":false,"audioPlay":false,"sceneViewState":{"showFog":true,"showMaterialUpdate":false,"showSkybox":false,"showFlares":true,"showImageEffects":true,"showParticleSystems":true},"in2DMode":false,"pivot":{"x":0.01879328489303589,"y":0.04213428497314453,"z":0.09630346298217774},"rotation":{"x":-0.2035808116197586,"y":0.5264766216278076,"z":-0.13152481615543366,"w":-0.8149095773696899},"size":1.0144709348678589,"orthographic":false}