{"cameraMode":{"drawMode":0,"name":"Shaded","section":"Shading Mode"},"sceneLighting":true,"audioPlay":false,"sceneViewState":{"showFog":true,"showMaterialUpdate":true,"showSkybox":true,"showFlares":true,"showImageEffects":true,"showParticleSystems":true},"in2DMode":false,"pivot":{"x":1001.935302734375,"y":364.4725341796875,"z":-73.157470703125},"rotation":{"x":0.19249582290649415,"y":-0.3433969020843506,"z":0.07203756272792816,"w":0.9164797067642212},"size":1177.3681640625,"orthographic":false}