{"cameraMode":{"drawMode":0,"name":"Shaded","section":"Shading Mode"},"sceneLighting":false,"audioPlay":false,"sceneViewState":{"showFog":true,"showMaterialUpdate":true,"showSkybox":false,"showFlares":true,"showImageEffects":true,"showParticleSystems":true},"in2DMode":false,"pivot":{"x":-0.8146247863769531,"y":-1.2315483093261719,"z":1.2469134330749512},"rotation":{"x":0.034632306545972827,"y":-0.7287360429763794,"z":-0.03737951070070267,"w":-0.683042585849762},"size":71.76814270019531,"orthographic":false}