{"cameraMode":{"drawMode":0,"name":"Shaded","section":"Shading Mode"},"sceneLighting":true,"audioPlay":false,"sceneViewState":{"showFog":true,"showMaterialUpdate":true,"showSkybox":true,"showFlares":true,"showImageEffects":true,"showParticleSystems":true},"in2DMode":false,"pivot":{"x":42.35737609863281,"y":-90.52804565429688,"z":781.2015380859375},"rotation":{"x":-0.006122671067714691,"y":0.9936937093734741,"z":-0.06119076535105705,"w":-0.0950310081243515},"size":15.164904594421387,"orthographic":false}