{"cameraMode":{"drawMode":0,"name":"Shaded","section":"Shading Mode"},"sceneLighting":true,"audioPlay":false,"sceneViewState":{"showFog":true,"showMaterialUpdate":true,"showSkybox":true,"showFlares":true,"showImageEffects":true,"showParticleSystems":true},"in2DMode":false,"pivot":{"x":-819.7432861328125,"y":31.885009765625,"z":-27.1063232421875},"rotation":{"x":0.3799125552177429,"y":-0.2926342189311981,"z":0.1280250996351242,"w":0.8681350350379944},"size":2490.5068359375,"orthographic":false}