{"cameraMode":{"drawMode":0,"name":"Shaded","section":"Shading Mode"},"sceneLighting":true,"audioPlay":false,"sceneViewState":{"showFog":true,"showMaterialUpdate":true,"showSkybox":true,"showFlares":true,"showImageEffects":true,"showParticleSystems":true},"in2DMode":false,"pivot":{"x":-21.380111694335939,"y":13.231742858886719,"z":30.444534301757814},"rotation":{"x":0.2855564057826996,"y":-0.16286638379096986,"z":0.049311745911836627,"w":0.9431331753730774},"size":128.16383361816407,"orthographic":true}