{"cameraMode":{"drawMode":0,"name":"Shaded","section":"Shading Mode"},"sceneLighting":true,"audioPlay":false,"sceneViewState":{"showFog":true,"showMaterialUpdate":true,"showSkybox":true,"showFlares":true,"showImageEffects":true,"showParticleSystems":true},"in2DMode":false,"pivot":{"x":-6.476351261138916,"y":-11.739612579345704,"z":-7.324181079864502},"rotation":{"x":-0.23319613933563233,"y":-0.685678243637085,"z":0.24884158372879029,"w":-0.643119215965271},"size":5.4330973625183109,"orthographic":false}