{"cameraMode":{"drawMode":0,"name":"Shaded","section":"Shading Mode"},"sceneLighting":false,"audioPlay":false,"sceneViewState":{"showFog":true,"showMaterialUpdate":true,"showSkybox":false,"showFlares":true,"showImageEffects":true,"showParticleSystems":true},"in2DMode":false,"pivot":{"x":-14.137544631958008,"y":-46.47159957885742,"z":131.1919708251953},"rotation":{"x":-0.13745597004890443,"y":0.039205487817525867,"z":-0.00545150600373745,"w":-0.9897277355194092},"size":290.7924499511719,"orthographic":false}