{"cameraMode":{"drawMode":0,"name":"Shaded","section":"Shading Mode"},"sceneLighting":true,"audioPlay":false,"sceneViewState":{"showFog":true,"showMaterialUpdate":true,"showSkybox":true,"showFlares":true,"showImageEffects":true,"showParticleSystems":true},"in2DMode":false,"pivot":{"x":-1191.4288330078125,"y":140.8427734375,"z":-161.6370849609375},"rotation":{"x":0.3799125552177429,"y":-0.2926342189311981,"z":0.1280250996351242,"w":0.8681350350379944},"size":2607.860595703125,"orthographic":false}