{"cameraMode":{"drawMode":0,"name":"Shaded","section":"Shading Mode"},"sceneLighting":false,"audioPlay":false,"sceneViewState":{"showFog":true,"showMaterialUpdate":true,"showSkybox":false,"showFlares":true,"showImageEffects":true,"showParticleSystems":true},"in2DMode":false,"pivot":{"x":-0.2423095703125,"y":0.5056629180908203,"z":-0.6864280700683594},"rotation":{"x":0.002910979324951768,"y":-0.9277184009552002,"z":0.3732351064682007,"w":0.007232480216771364},"size":44.36100387573242,"orthographic":false}