{"cameraMode":{"drawMode":0,"name":"Shaded","section":"Shading Mode"},"sceneLighting":true,"audioPlay":false,"sceneViewState":{"showFog":true,"showMaterialUpdate":true,"showSkybox":true,"showFlares":true,"showImageEffects":true,"showParticleSystems":true},"in2DMode":false,"pivot":{"x":-19.93494415283203,"y":11.509886741638184,"z":-15.577005386352539},"rotation":{"x":-0.04330389201641083,"y":-0.48507943749427798,"z":0.023944789543747903,"w":-0.8731158375740051},"size":4.357884883880615,"orthographic":false}