{"cameraMode":{"drawMode":0,"name":"Shaded","section":"Shading Mode"},"sceneLighting":true,"audioPlay":false,"sceneViewState":{"showFog":true,"showMaterialUpdate":true,"showSkybox":true,"showFlares":true,"showImageEffects":true,"showParticleSystems":true},"in2DMode":false,"pivot":{"x":175.84384155273438,"y":289.73358154296877,"z":10390.94921875},"rotation":{"x":0.1252504140138626,"y":0.7728508710861206,"z":-0.1610957831144333,"w":0.6008903980255127},"size":53.940025329589847,"orthographic":false}