{"cameraMode":{"drawMode":0,"name":"Shaded","section":"Shading Mode"},"sceneLighting":true,"audioPlay":false,"sceneViewState":{"showFog":true,"showMaterialUpdate":true,"showSkybox":true,"showFlares":true,"showImageEffects":true,"showParticleSystems":true},"in2DMode":false,"pivot":{"x":4011.0654296875,"y":-3020.7646484375,"z":-1075.224853515625},"rotation":{"x":0.1065501943230629,"y":0.2208818644285202,"z":0.02430865168571472,"w":-0.9692050814628601},"size":255.9720001220703,"orthographic":false}