{"cameraMode":{"drawMode":0,"name":"Shaded","section":"Shading Mode"},"sceneLighting":false,"audioPlay":false,"sceneViewState":{"showFog":true,"showMaterialUpdate":true,"showSkybox":false,"showFlares":true,"showImageEffects":true,"showParticleSystems":true},"in2DMode":false,"pivot":{"x":-1792.2845458984375,"y":13.651978492736817,"z":-7.496251106262207},"rotation":{"x":-0.21988509595394135,"y":-0.7167578339576721,"z":0.25883182883262637,"w":-0.60910564661026},"size":6.757885456085205,"orthographic":false}