{"cameraMode":{"drawMode":0,"name":"Shaded","section":"Shading Mode"},"sceneLighting":true,"audioPlay":false,"sceneViewState":{"showFog":true,"showMaterialUpdate":true,"showSkybox":true,"showFlares":true,"showImageEffects":true,"showParticleSystems":true},"in2DMode":false,"pivot":{"x":-1794.4296875,"y":15.581510543823243,"z":6.420627593994141},"rotation":{"x":0.30377650260925295,"y":0.3187757432460785,"z":-0.10865463316440582,"w":0.891232967376709},"size":28.59868049621582,"orthographic":false}