{"cameraMode":{"drawMode":0,"name":"Shaded","section":"Shading Mode"},"sceneLighting":true,"audioPlay":false,"sceneViewState":{"showFog":true,"showMaterialUpdate":true,"showSkybox":true,"showFlares":true,"showImageEffects":true,"showParticleSystems":true},"in2DMode":false,"pivot":{"x":0.26588451862335207,"y":0.12025539577007294,"z":0.06313762068748474},"rotation":{"x":-0.16996881365776063,"y":0.48661643266677859,"z":-0.09615536779165268,"w":-0.8517670035362244},"size":8.818358421325684,"orthographic":false}