{"cameraMode":{"drawMode":0,"name":"Shaded","section":"Shading Mode"},"sceneLighting":true,"audioPlay":false,"sceneViewState":{"showFog":true,"showMaterialUpdate":true,"showSkybox":true,"showFlares":true,"showImageEffects":true,"showParticleSystems":true},"in2DMode":false,"pivot":{"x":-19.812740325927736,"y":11.48387336730957,"z":-15.791787147521973},"rotation":{"x":-0.04518048092722893,"y":-0.5096850395202637,"z":0.026698417961597444,"w":-0.8588066697120667},"size":4.357884883880615,"orthographic":false}