{"cameraMode":{"drawMode":0,"name":"Shaded","section":"Shading Mode"},"sceneLighting":true,"audioPlay":false,"sceneViewState":{"showFog":true,"showMaterialUpdate":true,"showSkybox":true,"showFlares":true,"showImageEffects":true,"showParticleSystems":true},"in2DMode":false,"pivot":{"x":-20.523303985595704,"y":-2.5779128074645998,"z":-1.9153176546096802},"rotation":{"x":-0.03452891483902931,"y":0.7314082980155945,"z":-0.03754502534866333,"w":-0.6801257133483887},"size":22.0,"orthographic":false}