{"cameraMode":{"drawMode":0,"name":"Shaded","section":"Shading Mode"},"sceneLighting":true,"audioPlay":false,"sceneViewState":{"showFog":true,"showMaterialUpdate":true,"showSkybox":true,"showFlares":true,"showImageEffects":true,"showParticleSystems":true},"in2DMode":false,"pivot":{"x":-131.2006072998047,"y":-975.492919921875,"z":170.76028442382813},"rotation":{"x":0.0007412641425617039,"y":0.9260757565498352,"z":0.007800696883350611,"w":-0.3778720498085022},"size":22.0,"orthographic":false}