{"cameraMode":{"drawMode":0,"name":"Shaded","section":"Shading Mode"},"sceneLighting":false,"audioPlay":false,"sceneViewState":{"showFog":true,"showMaterialUpdate":true,"showSkybox":false,"showFlares":true,"showImageEffects":true,"showParticleSystems":true},"in2DMode":false,"pivot":{"x":3.9780073165893556,"y":5.291021823883057,"z":-2.130891799926758},"rotation":{"x":-0.0797235295176506,"y":-0.8750482201576233,"z":0.15372374653816224,"w":-0.45221641659736636},"size":47.24656677246094,"orthographic":false}