{"cameraMode":{"drawMode":0,"name":"Shaded","section":"Shading Mode"},"sceneLighting":false,"audioPlay":false,"sceneViewState":{"showFog":true,"showMaterialUpdate":true,"showSkybox":false,"showFlares":true,"showImageEffects":true,"showParticleSystems":true},"in2DMode":false,"pivot":{"x":-1822.2099609375,"y":5.304879665374756,"z":-10.175413131713868},"rotation":{"x":0.058006562292575839,"y":-0.12407127022743225,"z":-0.00732950447127223,"w":-0.9905887842178345},"size":8.573651313781739,"orthographic":false}