{"cameraMode":{"drawMode":0,"name":"Shaded","section":"Shading Mode"},"sceneLighting":true,"audioPlay":false,"sceneViewState":{"showFog":true,"showMaterialUpdate":true,"showSkybox":true,"showFlares":true,"showImageEffects":true,"showParticleSystems":true},"in2DMode":false,"pivot":{"x":-1757.83447265625,"y":4.208738803863525,"z":778.9386596679688},"rotation":{"x":0.048744432628154758,"y":0.47694945335388186,"z":-0.026478342711925508,"w":0.877206563949585},"size":44.36092758178711,"orthographic":false}