{"cameraMode":{"drawMode":0,"name":"Shaded","section":"Shading Mode"},"sceneLighting":false,"audioPlay":false,"sceneViewState":{"showFog":true,"showMaterialUpdate":true,"showSkybox":false,"showFlares":true,"showImageEffects":true,"showParticleSystems":true},"in2DMode":false,"pivot":{"x":-1.6617193222045899,"y":0.4041486978530884,"z":3.8228180408477785},"rotation":{"x":-0.017154252156615258,"y":-0.3084558844566345,"z":0.00545685226097703,"w":-0.9511114358901978},"size":6.430238723754883,"orthographic":false}