{"cameraMode":{"drawMode":0,"name":"Shaded","section":"Shading Mode"},"sceneLighting":false,"audioPlay":false,"sceneViewState":{"showFog":true,"showMaterialUpdate":false,"showSkybox":false,"showFlares":true,"showImageEffects":true,"showParticleSystems":true},"in2DMode":false,"pivot":{"x":0.6042513847351074,"y":-0.27011775970458987,"z":-0.5334335565567017},"rotation":{"x":-0.1893918216228485,"y":-0.671783983707428,"z":0.18370166420936585,"w":-0.6922155022621155},"size":4.901163578033447,"orthographic":false}