{"cameraMode":{"drawMode":0,"name":"Shaded","section":"Shading Mode"},"sceneLighting":false,"audioPlay":false,"sceneViewState":{"showFog":true,"showMaterialUpdate":true,"showSkybox":false,"showFlares":true,"showImageEffects":true,"showParticleSystems":true},"in2DMode":false,"pivot":{"x":22.093685150146486,"y":-8.135517120361329,"z":20.31005859375},"rotation":{"x":0.1485084593296051,"y":0.666027843952179,"z":-0.13781093060970307,"w":0.7179864048957825},"size":16.183876037597658,"orthographic":false}