{"cameraMode":{"drawMode":0,"name":"Shaded","section":"Shading Mode"},"sceneLighting":true,"audioPlay":false,"sceneViewState":{"showFog":true,"showMaterialUpdate":true,"showSkybox":true,"showFlares":true,"showImageEffects":true,"showParticleSystems":true},"in2DMode":false,"pivot":{"x":-9.652837753295899,"y":3.46990704536438,"z":1.749050498008728},"rotation":{"x":0.16414397954940797,"y":-0.43951448798179629,"z":0.08194682747125626,"w":0.8793572187423706},"size":3.5472545623779299,"orthographic":false}