{"cameraMode":{"drawMode":0,"name":"Shaded","section":"Shading Mode"},"sceneLighting":true,"audioPlay":false,"sceneViewState":{"showFog":true,"showMaterialUpdate":true,"showSkybox":true,"showFlares":true,"showImageEffects":true,"showParticleSystems":true},"in2DMode":false,"pivot":{"x":-7.7545905113220219,"y":-231.8577880859375,"z":-14.569817543029786},"rotation":{"x":0.002687856089323759,"y":-0.9760384559631348,"z":-0.013205635361373425,"w":-0.21758227050304414},"size":13.480612754821778,"orthographic":false}