{"cameraMode":{"drawMode":0,"name":"Shaded","section":"Shading Mode"},"sceneLighting":true,"audioPlay":false,"sceneViewState":{"showFog":true,"showMaterialUpdate":true,"showSkybox":true,"showFlares":true,"showImageEffects":true,"showParticleSystems":true},"in2DMode":false,"pivot":{"x":-6.501192092895508,"y":0.41034793853759768,"z":2.8267383575439455},"rotation":{"x":-0.1552959382534027,"y":0.4636211395263672,"z":-0.08300134539604187,"w":-0.8684046864509583},"size":32.66590118408203,"orthographic":false}