{"cameraMode":{"drawMode":0,"name":"Shaded","section":"Shading Mode"},"sceneLighting":false,"audioPlay":false,"sceneViewState":{"showFog":true,"showMaterialUpdate":true,"showSkybox":true,"showFlares":true,"showImageEffects":true,"showParticleSystems":true},"in2DMode":false,"pivot":{"x":18.01557159423828,"y":4.867486953735352,"z":3.571089506149292},"rotation":{"x":0.1777932345867157,"y":-0.7498461604118347,"z":0.2233540117740631,"w":0.5968754887580872},"size":44.36100387573242,"orthographic":false}