{"cameraMode":{"drawMode":0,"name":"Shaded","section":"Shading Mode"},"sceneLighting":true,"audioPlay":false,"sceneViewState":{"showFog":true,"showMaterialUpdate":true,"showSkybox":true,"showFlares":true,"showImageEffects":true,"showParticleSystems":true},"in2DMode":false,"pivot":{"x":3618.30224609375,"y":-537.1666870117188,"z":-4449.61328125},"rotation":{"x":-0.06570674479007721,"y":-0.9053560495376587,"z":0.15215489268302918,"w":-0.3910309076309204},"size":90.87303161621094,"orthographic":false}