{"cameraMode":{"drawMode":0,"name":"Shaded","section":"Shading Mode"},"sceneLighting":false,"audioPlay":false,"sceneViewState":{"showFog":true,"showMaterialUpdate":true,"showSkybox":false,"showFlares":true,"showImageEffects":true,"showParticleSystems":true},"in2DMode":false,"pivot":{"x":-8.788823127746582,"y":2.2138805389404299,"z":4.3680644035339359},"rotation":{"x":-0.02159683220088482,"y":0.9402302503585815,"z":-0.06072990968823433,"w":-0.33439749479293826},"size":55.58717727661133,"orthographic":false}