{"cameraMode":{"drawMode":0,"name":"Shaded","section":"Shading Mode"},"sceneLighting":true,"audioPlay":false,"sceneViewState":{"showFog":true,"showMaterialUpdate":true,"showSkybox":true,"showFlares":true,"showImageEffects":true,"showParticleSystems":true},"in2DMode":false,"pivot":{"x":-1790.0792236328125,"y":12.731372833251954,"z":-1.3413891792297364},"rotation":{"x":-0.07222598046064377,"y":-0.8551740050315857,"z":0.12400224804878235,"w":-0.4980853497982025},"size":224.93118286132813,"orthographic":false}