{"cameraMode":{"drawMode":0,"name":"Shaded","section":"Shading Mode"},"sceneLighting":true,"audioPlay":false,"sceneViewState":{"showFog":true,"showMaterialUpdate":true,"showSkybox":true,"showFlares":true,"showImageEffects":true,"showParticleSystems":true},"in2DMode":false,"pivot":{"x":-26.954193115234376,"y":-232.10044860839845,"z":-1.9159495830535889},"rotation":{"x":-0.003390152473002672,"y":-0.6952057480812073,"z":-0.002929775509983301,"w":0.7189182639122009},"size":13.480612754821778,"orthographic":false}