{"cameraMode":{"drawMode":0,"name":"Shaded","section":"Shading Mode"},"sceneLighting":true,"audioPlay":false,"sceneViewState":{"showFog":true,"showMaterialUpdate":false,"showSkybox":true,"showFlares":true,"showImageEffects":true,"showParticleSystems":true},"in2DMode":false,"pivot":{"x":0.058298055082559589,"y":1.807985544204712,"z":-1.3056902885437012},"rotation":{"x":0.056660283356904986,"y":-0.0009013795643113554,"z":-0.00005130009594722651,"w":-0.9983952641487122},"size":3.3452341556549074,"orthographic":false}