{"cameraMode":{"drawMode":0,"name":"Shaded","section":"Shading Mode"},"sceneLighting":false,"audioPlay":false,"sceneViewState":{"showFog":true,"showMaterialUpdate":true,"showSkybox":false,"showFlares":true,"showImageEffects":true,"showParticleSystems":true},"in2DMode":false,"pivot":{"x":-0.2423095703125,"y":0.5056629180908203,"z":-0.6864280700683594},"rotation":{"x":0.07313086092472077,"y":-0.26358723640441897,"z":-0.020093515515327455,"w":-0.961669385433197},"size":58.44266128540039,"orthographic":false}