{"cameraMode":{"drawMode":0,"name":"Shaded","section":"Shading Mode"},"sceneLighting":false,"audioPlay":false,"sceneViewState":{"showFog":true,"showMaterialUpdate":false,"showSkybox":false,"showFlares":true,"showImageEffects":true,"showParticleSystems":true},"in2DMode":false,"pivot":{"x":-1552.144287109375,"y":-756.782470703125,"z":-31.460693359375},"rotation":{"x":0.08908107131719589,"y":-0.4368630051612854,"z":0.04353051632642746,"w":0.8940684199333191},"size":3255.181640625,"orthographic":false}