{"cameraMode":{"drawMode":0,"name":"Shaded","section":"Shading Mode"},"sceneLighting":false,"audioPlay":false,"sceneViewState":{"showFog":true,"showMaterialUpdate":true,"showSkybox":false,"showFlares":true,"showImageEffects":true,"showParticleSystems":true},"in2DMode":false,"pivot":{"x":8.492706298828125,"y":7.8494720458984379,"z":-9.534584045410157},"rotation":{"x":-0.10404376685619354,"y":0.3515402376651764,"z":-0.03969983756542206,"w":-0.9295660853385925},"size":190.42971801757813,"orthographic":false}