{"cameraMode":{"drawMode":0,"name":"Shaded","section":"Shading Mode"},"sceneLighting":true,"audioPlay":false,"sceneViewState":{"showFog":true,"showMaterialUpdate":true,"showSkybox":true,"showFlares":true,"showImageEffects":true,"showParticleSystems":true},"in2DMode":false,"pivot":{"x":510.2778015136719,"y":-189.64907836914063,"z":10574.5263671875},"rotation":{"x":0.0014611849328503013,"y":0.9964240789413452,"z":0.01763276197016239,"w":-0.08268934488296509},"size":14.553475379943848,"orthographic":false}