{"cameraMode":{"drawMode":0,"name":"Shaded","section":"Shading Mode"},"sceneLighting":false,"audioPlay":false,"sceneViewState":{"showFog":true,"showMaterialUpdate":true,"showSkybox":false,"showFlares":true,"showImageEffects":true,"showParticleSystems":true},"in2DMode":false,"pivot":{"x":0.0,"y":1.4550000429153443,"z":-0.0215000007301569},"rotation":{"x":0.07313086092472077,"y":-0.26358723640441897,"z":-0.020093515515327455,"w":-0.961669385433197},"size":0.07095000892877579,"orthographic":false}