{"cameraMode":{"drawMode":0,"name":"Shaded","section":"Shading Mode"},"sceneLighting":false,"audioPlay":false,"sceneViewState":{"showFog":true,"showMaterialUpdate":false,"showSkybox":false,"showFlares":true,"showImageEffects":true,"showParticleSystems":true},"in2DMode":false,"pivot":{"x":384.9525146484375,"y":-267.98138427734377,"z":-1547.585693359375},"rotation":{"x":-0.031315065920352939,"y":0.10654980689287186,"z":-0.003357421373948455,"w":-0.9938085675239563},"size":22.0,"orthographic":false}