{"cameraMode":{"drawMode":0,"name":"Shaded","section":"Shading Mode"},"sceneLighting":true,"audioPlay":false,"sceneViewState":{"showFog":true,"showMaterialUpdate":false,"showSkybox":true,"showFlares":true,"showImageEffects":true,"showParticleSystems":true},"in2DMode":false,"pivot":{"x":1.9436454772949219,"y":286.0640869140625,"z":34515.546875},"rotation":{"x":-0.46818092465400698,"y":0.20751440525054933,"z":-0.11412377655506134,"w":-0.8513056039810181},"size":117.62786865234375,"orthographic":false}